-- -------------------------------------------------------------
-- TablePlus 3.9.1(342)
--
-- https://tableplus.com/
--
-- Database: sinjab
-- Generation Time: 2020-11-08 11:44:17.2770
-- -------------------------------------------------------------


/*!40101 SET @OLD_CHARACTER_SET_CLIENT=@@CHARACTER_SET_CLIENT */;
/*!40101 SET @OLD_CHARACTER_SET_RESULTS=@@CHARACTER_SET_RESULTS */;
/*!40101 SET @OLD_COLLATION_CONNECTION=@@COLLATION_CONNECTION */;
/*!40101 SET NAMES utf8mb4 */;
/*!40014 SET @OLD_UNIQUE_CHECKS=@@UNIQUE_CHECKS, UNIQUE_CHECKS=0 */;
/*!40014 SET @OLD_FOREIGN_KEY_CHECKS=@@FOREIGN_KEY_CHECKS, FOREIGN_KEY_CHECKS=0 */;
/*!40101 SET @OLD_SQL_MODE=@@SQL_MODE, SQL_MODE='NO_AUTO_VALUE_ON_ZERO' */;
/*!40111 SET @OLD_SQL_NOTES=@@SQL_NOTES, SQL_NOTES=0 */;


CREATE TABLE `abk` (
  `id` bigint unsigned NOT NULL AUTO_INCREMENT,
  `user_id` int DEFAULT NULL,
  `unit_kerja_id` int DEFAULT NULL,
  `ikhtisar_jabatan` varchar(255) COLLATE utf8mb4_unicode_ci DEFAULT NULL,
  `uraian_tugas` text COLLATE utf8mb4_unicode_ci,
  `satuan_hasil` varchar(255) COLLATE utf8mb4_unicode_ci DEFAULT NULL,
  `waktu_pengerjaan` int DEFAULT NULL,
  `waktu_penyelesaian` int DEFAULT NULL,
  `beban_kerja` int DEFAULT NULL,
  `jumlah` int DEFAULT NULL,
  `created_at` timestamp NULL DEFAULT NULL,
  `updated_at` timestamp NULL DEFAULT NULL,
  `uraian_parent_id` int DEFAULT NULL,
  `id_jabatan` int DEFAULT NULL,
  PRIMARY KEY (`id`)
) ENGINE=InnoDB AUTO_INCREMENT=95 DEFAULT CHARSET=utf8mb4 COLLATE=utf8mb4_unicode_ci;

CREATE TABLE `failed_jobs` (
  `id` bigint unsigned NOT NULL AUTO_INCREMENT,
  `uuid` varchar(255) COLLATE utf8mb4_unicode_ci NOT NULL,
  `connection` text COLLATE utf8mb4_unicode_ci NOT NULL,
  `queue` text COLLATE utf8mb4_unicode_ci NOT NULL,
  `payload` longtext COLLATE utf8mb4_unicode_ci NOT NULL,
  `exception` longtext COLLATE utf8mb4_unicode_ci NOT NULL,
  `failed_at` timestamp NOT NULL DEFAULT CURRENT_TIMESTAMP,
  PRIMARY KEY (`id`),
  UNIQUE KEY `failed_jobs_uuid_unique` (`uuid`)
) ENGINE=InnoDB DEFAULT CHARSET=utf8mb4 COLLATE=utf8mb4_unicode_ci;

CREATE TABLE `jabatan` (
  `id` bigint unsigned NOT NULL AUTO_INCREMENT,
  `kode_jabatan` varchar(255) COLLATE utf8mb4_unicode_ci DEFAULT NULL,
  `jenis_jabatan` varchar(255) COLLATE utf8mb4_unicode_ci DEFAULT NULL,
  `jabatan` varchar(255) COLLATE utf8mb4_unicode_ci DEFAULT NULL,
  `unit_kerja_id` int DEFAULT NULL,
  `created_at` timestamp NULL DEFAULT NULL,
  `updated_at` timestamp NULL DEFAULT NULL,
  PRIMARY KEY (`id`)
) ENGINE=InnoDB AUTO_INCREMENT=1054 DEFAULT CHARSET=utf8mb4 COLLATE=utf8mb4_unicode_ci;

CREATE TABLE `migrations` (
  `id` int unsigned NOT NULL AUTO_INCREMENT,
  `migration` varchar(255) COLLATE utf8mb4_unicode_ci NOT NULL,
  `batch` int NOT NULL,
  PRIMARY KEY (`id`)
) ENGINE=InnoDB AUTO_INCREMENT=84 DEFAULT CHARSET=utf8mb4 COLLATE=utf8mb4_unicode_ci;

CREATE TABLE `password_resets` (
  `email` varchar(255) COLLATE utf8mb4_unicode_ci NOT NULL,
  `token` varchar(255) COLLATE utf8mb4_unicode_ci NOT NULL,
  `created_at` timestamp NULL DEFAULT NULL,
  KEY `password_resets_email_index` (`email`)
) ENGINE=InnoDB DEFAULT CHARSET=utf8mb4 COLLATE=utf8mb4_unicode_ci;

CREATE TABLE `personal_access_tokens` (
  `id` bigint unsigned NOT NULL AUTO_INCREMENT,
  `tokenable_type` varchar(255) COLLATE utf8mb4_unicode_ci NOT NULL,
  `tokenable_id` bigint unsigned NOT NULL,
  `name` varchar(255) COLLATE utf8mb4_unicode_ci NOT NULL,
  `token` varchar(64) COLLATE utf8mb4_unicode_ci NOT NULL,
  `abilities` text COLLATE utf8mb4_unicode_ci,
  `last_used_at` timestamp NULL DEFAULT NULL,
  `created_at` timestamp NULL DEFAULT NULL,
  `updated_at` timestamp NULL DEFAULT NULL,
  PRIMARY KEY (`id`),
  UNIQUE KEY `personal_access_tokens_token_unique` (`token`),
  KEY `personal_access_tokens_tokenable_type_tokenable_id_index` (`tokenable_type`,`tokenable_id`)
) ENGINE=InnoDB DEFAULT CHARSET=utf8mb4 COLLATE=utf8mb4_unicode_ci;

CREATE TABLE `sessions` (
  `id` varchar(255) COLLATE utf8mb4_unicode_ci NOT NULL,
  `user_id` bigint unsigned DEFAULT NULL,
  `ip_address` varchar(45) COLLATE utf8mb4_unicode_ci DEFAULT NULL,
  `user_agent` text COLLATE utf8mb4_unicode_ci,
  `payload` text COLLATE utf8mb4_unicode_ci NOT NULL,
  `last_activity` int NOT NULL,
  PRIMARY KEY (`id`),
  KEY `sessions_user_id_index` (`user_id`),
  KEY `sessions_last_activity_index` (`last_activity`)
) ENGINE=InnoDB DEFAULT CHARSET=utf8mb4 COLLATE=utf8mb4_unicode_ci;

CREATE TABLE `tahapan` (
  `id` bigint unsigned NOT NULL AUTO_INCREMENT,
  `abk_id` int NOT NULL,
  `tahapan` varchar(255) COLLATE utf8mb4_unicode_ci NOT NULL,
  `created_at` timestamp NULL DEFAULT NULL,
  `updated_at` timestamp NULL DEFAULT NULL,
  PRIMARY KEY (`id`)
) ENGINE=InnoDB DEFAULT CHARSET=utf8mb4 COLLATE=utf8mb4_unicode_ci;

CREATE TABLE `team_user` (
  `id` bigint unsigned NOT NULL AUTO_INCREMENT,
  `team_id` bigint unsigned NOT NULL,
  `user_id` bigint unsigned NOT NULL,
  `role` varchar(255) COLLATE utf8mb4_unicode_ci DEFAULT NULL,
  `created_at` timestamp NULL DEFAULT NULL,
  `updated_at` timestamp NULL DEFAULT NULL,
  PRIMARY KEY (`id`),
  UNIQUE KEY `team_user_team_id_user_id_unique` (`team_id`,`user_id`)
) ENGINE=InnoDB DEFAULT CHARSET=utf8mb4 COLLATE=utf8mb4_unicode_ci;

CREATE TABLE `teams` (
  `id` bigint unsigned NOT NULL AUTO_INCREMENT,
  `user_id` bigint unsigned NOT NULL,
  `name` varchar(255) COLLATE utf8mb4_unicode_ci NOT NULL,
  `personal_team` tinyint(1) NOT NULL,
  `created_at` timestamp NULL DEFAULT NULL,
  `updated_at` timestamp NULL DEFAULT NULL,
  PRIMARY KEY (`id`),
  KEY `teams_user_id_index` (`user_id`)
) ENGINE=InnoDB AUTO_INCREMENT=2 DEFAULT CHARSET=utf8mb4 COLLATE=utf8mb4_unicode_ci;

CREATE TABLE `unit_kerja` (
  `id` bigint unsigned NOT NULL AUTO_INCREMENT,
  `unit_kerja` varchar(255) COLLATE utf8mb4_unicode_ci NOT NULL,
  `created_at` timestamp NULL DEFAULT NULL,
  `updated_at` timestamp NULL DEFAULT NULL,
  PRIMARY KEY (`id`)
) ENGINE=InnoDB DEFAULT CHARSET=utf8mb4 COLLATE=utf8mb4_unicode_ci;

CREATE TABLE `users` (
  `id` bigint unsigned NOT NULL AUTO_INCREMENT,
  `name` varchar(255) COLLATE utf8mb4_unicode_ci NOT NULL,
  `email` varchar(255) COLLATE utf8mb4_unicode_ci NOT NULL,
  `email_verified_at` timestamp NULL DEFAULT NULL,
  `password` varchar(255) COLLATE utf8mb4_unicode_ci NOT NULL,
  `two_factor_secret` text COLLATE utf8mb4_unicode_ci,
  `two_factor_recovery_codes` text COLLATE utf8mb4_unicode_ci,
  `unit_kerja_id` int DEFAULT NULL,
  `roles` varchar(255) COLLATE utf8mb4_unicode_ci DEFAULT NULL,
  `remember_token` varchar(100) COLLATE utf8mb4_unicode_ci DEFAULT NULL,
  `current_team_id` bigint unsigned DEFAULT NULL,
  `profile_photo_path` text COLLATE utf8mb4_unicode_ci,
  `created_at` timestamp NULL DEFAULT NULL,
  `updated_at` timestamp NULL DEFAULT NULL,
  PRIMARY KEY (`id`),
  UNIQUE KEY `users_email_unique` (`email`)
) ENGINE=InnoDB AUTO_INCREMENT=2 DEFAULT CHARSET=utf8mb4 COLLATE=utf8mb4_unicode_ci;

INSERT INTO `abk` (`id`, `user_id`, `unit_kerja_id`, `ikhtisar_jabatan`, `uraian_tugas`, `satuan_hasil`, `waktu_pengerjaan`, `waktu_penyelesaian`, `beban_kerja`, `jumlah`, `created_at`, `updated_at`, `uraian_parent_id`, `id_jabatan`) VALUES
('83', '12', NULL, NULL, '1', '1', '1', '1', '1', '1', '2020-11-01 13:17:11', '2020-11-01 13:17:11', NULL, '239'),
('84', '12', NULL, NULL, '2', '2', '2', '2', '2', '2', '2020-11-01 13:17:11', '2020-11-01 13:17:11', '83', '239'),
('85', '12', NULL, NULL, '3', '3', '3', '3', '3', '3', '2020-11-01 13:17:11', '2020-11-01 13:17:11', '83', '239'),
('86', '12', NULL, NULL, '4', '4', '4', '4', '4', '4', '2020-11-01 13:17:11', '2020-11-01 13:17:11', '83', '239'),
('87', '12', NULL, NULL, '2', '2', '2', '2', '2', '2', '2020-11-01 13:17:11', '2020-11-01 13:17:11', NULL, '239'),
('88', '12', NULL, NULL, '1', '1', '1', '1', '1', '1', '2020-11-01 13:17:11', '2020-11-01 13:17:11', '87', '239'),
('89', '12', NULL, NULL, '2', '2', '2', '2', '2', '2', '2020-11-01 13:17:11', '2020-11-01 13:17:11', '87', '239'),
('90', '12', NULL, NULL, 'merencanakn kegiatan penyususan  rencana kerga sesuai bidang tenaga kerjaa yang di inginkan dalam pembangunan nasional', 'kegiatan', '72000', '180', '6', '1', '2020-11-01 14:49:01', '2020-11-01 14:49:01', NULL, '244'),
('91', '12', NULL, NULL, 'Mengidentifikasi dan verifikasi data', 'berkas', '72000', '180', '5', '1', '2020-11-01 14:49:01', '2020-11-01 14:49:01', '90', '244'),
('92', '12', NULL, NULL, 'Mengidentifikasi dan verifikasi data', 'berkas', '72000', '180', '5', '1', '2020-11-01 14:49:01', '2020-11-01 14:49:01', '90', '244'),
('93', '12', NULL, NULL, 'membagi tugas sesuai dengan kopetensi jabatan bawahan dalm undang2 dasar 1945', 'kegiatas', '72000', '180', '6', '1', '2020-11-01 14:49:01', '2020-11-01 14:49:01', NULL, '244'),
('94', '12', NULL, NULL, 'sila ke satu ketuhanan yang maha ersa', 'kegiatasn', '72000', '180', '6', '1', '2020-11-01 14:49:01', '2020-11-01 14:49:01', '93', '244');

INSERT INTO `jabatan` (`id`, `kode_jabatan`, `jenis_jabatan`, `jabatan`, `unit_kerja_id`, `created_at`, `updated_at`) VALUES
('1', '501001', 'JST', 'SEKRETARIS DAERAH', '1', NULL, NULL),
('2', '502001', 'JST', 'ASISTEN PEMERINTAHAN', '1', NULL, NULL),
('3', '502002', 'JST', 'ASISTEN PEREKONOMIAN DAN PEMBANGUNAN', '1', NULL, NULL),
('4', '502003', 'JST', 'ASISTEN ADMINISTRASI UMUM', '1', NULL, NULL),
('5', '502004', 'JST', 'STAF AHLI BIDANG HUKUM, POLITIK DAN PEMERINTAHAN ', '1', NULL, NULL),
('6', '502005', 'JST', 'STAF AHLI BIDANG EKONOMI, KEUANGAN DAN PEMBANGUNAN', '1', NULL, NULL),
('7', '502006', 'JST', 'STAF AHLI BIDANG KEMASYARAKATAN DAN SUMBER DAYA MANUSIA', '1', NULL, NULL),
('8', '503001', 'JST', 'SEKRETARIS DEWAN PERWAKILAN RAKYAT DAERAH', '1', NULL, NULL),
('9', '503002', 'JST', 'INSPEKTUR', '1', NULL, NULL),
('10', '503003', 'JST', 'KEPALA DINAS PENDIDIKAN, KEPEMUDAAN DAN OLAH RAGA', '1', NULL, NULL),
('11', '503004', 'JST', 'KEPALA DINAS SOSIAL, PEMBERDAYAAN PEREMPUAN DAN PERLINDUNGAN ANAK', '1', NULL, NULL),
('12', '503005', 'JST', 'KEPALA DINAS PEKERJAAN UMUM DAN PENATAAN RUANG', '1', NULL, NULL),
('13', '503006', 'JST', 'KEPALA DINAS LINGKUNGAN HIDUP, PERUMAHAN DAN KAWASAN PEMUKIMAN', '1', NULL, NULL),
('14', '503007', 'JST', 'KEPALA DINAS KEPENDUDUKAN DAN PENCATATAN SIPIL', '1', NULL, NULL),
('15', '503008', 'JST', 'KEPALA DINAS KEBUDAYAAN DAN PARIWISATA', '1', NULL, NULL),
('16', '503009', 'JST', 'KEPALA DINAS PENGENDALIAN PENDUDUK DAN KELUARGA BERENCANA, PEMBERDAYAAN MASYARAKAT DAN DESA', '1', NULL, NULL),
('17', '503010', 'JST', 'KEPALA DINAS KETAHANAN PANGAN DAN PERTANIAN', '1', NULL, NULL),
('18', '503011', 'JST', 'KEAPLA DINAS KOPERASI, USAHA KECIL DAN MENENGAH, PERINDUSTRIAN DAN PERDAGANGAN', '1', NULL, NULL),
('19', '503012', 'JST', 'KEPALA DINAS PERHUBUNGAN, KELAUTAN DAN PERIKANAN', '1', NULL, NULL),
('20', '503013', 'JST', 'KEPALA DINAS TENAGA KERJA, PENANAMAN MODAL DAN PELAYANAN TERPADU SATU PINTU', '1', NULL, NULL),
('21', '503014', 'JST', 'KEPALA DINAS KOMUNIKASI DAN INFORMATIKA', '1', NULL, NULL),
('22', '503015', 'JST', 'KEPALA DINAS PERPUSTAKAAN DAN KEARSIPAN', '1', NULL, NULL),
('23', '503016', 'JST', 'KEPALA DINAS KESEHATAN', '1', NULL, NULL),
('24', '503017', 'JST', 'KEPALA SATUAN POLISI PAMONG PRAJA DAN PEMADAM KEBAKARAN', '1', NULL, NULL),
('25', '503018', 'JST', 'KEPALA BADAN PERENCANAAN PEMBANGUNAN DAERAH', '1', NULL, NULL),
('26', '503019', 'JST', 'KEPALA BADAN PENDAPATAN DAERAH', '1', NULL, NULL),
('27', '503020', 'JST', 'KEPALA BADAN PENGELOLAAN KEUANGAN DAN ASET DAERAH', '1', NULL, NULL),
('28', '503021', 'JST', 'KEPALA BADAN KEPEGAWAIAN DAERAH, DAN PENGEMBANGAN SUMBER DAYA MANUSIA', '1', NULL, NULL),
('29', '503022', 'JST', 'KEPALA BADAN PENANGGULANGAN BENCANA DAERAH', '1', NULL, NULL),
('30', '504001', 'JST', 'KEPALA BAGIAN EKONOMI ', '1', NULL, NULL),
('31', '504002', 'JST', 'KEPALA BAGIAN ADMINISTRASI PENGENDALIAN PEMBANGUNAN', '1', NULL, NULL),
('32', '504003', 'JST', 'KEPALA BAGIAN PEMERINTAHAN', '1', NULL, NULL),
('33', '504004', 'JST', 'KEPALA BAGIAN HUKUM', '1', NULL, NULL),
('34', '504005', 'JST', 'KEPALA BAGIAN KESEJAHTERAAN RAKYAT', '1', NULL, NULL),
('35', '504006', 'JST', 'KEPALA BAGIAN UMUM', '1', NULL, NULL),
('36', '504007', 'JST', 'KEPALA BAGIAN HUMAS DAN PROTOKOL', '1', NULL, NULL),
('37', '504008', 'JST', 'KEPALA BAGIAN ORGANISASI', '1', NULL, NULL),
('38', '504009', 'JST', 'KEPALA BAGIAN UMUM SEKRETARIAT DPRD', '1', NULL, NULL),
('39', '504010', 'JST', 'KEPALA BAGIAN KEUANGAN SEKRETARIAT DPRD', '1', NULL, NULL),
('40', '504011', 'JST', 'KEPALA BAGIAN PERSIDANGAN DAN RISALAH SEKRETARIAT DPRD', '1', NULL, NULL),
('41', '504012', 'JST', 'KEPALA INSPEKTUR PEMBANTU WILAYAH I', '1', NULL, NULL),
('42', '504013', 'JST', 'KEPALA INSPEKTUR PEMBANTU WILAYAH II', '1', NULL, NULL),
('43', '504014', 'JST', 'KEPALA INSPEKTUR PEMBANTU WILAYAH III', '1', NULL, NULL),
('44', '504015', 'JST', 'KEPALA BAGIAN TATA USAHA', '1', NULL, NULL),
('45', '504016', 'JST', 'DIREKTUR RUMAH SAKIT UMUM DAERAH', '1', NULL, NULL),
('46', '504017', 'JST', 'KEPALA KANTOR KESATUAN BANGSA DAN POLITIK', '1', NULL, NULL),
('47', '504018', 'JST', 'SEKRETARIS INSPEKTORAT', '1', NULL, NULL),
('48', '504019', 'JST', 'SEKRETARIS DINAS PENDIDIKAN, KEPEMUDAAN DAN OLAH RAGA', '1', NULL, NULL),
('49', '504020', 'JST', 'SEKRETARIS DINAS SOSIAL, PEMBERDAYAAN PEREMPUAN DAN PERLINDUNGAN ANAK', '1', NULL, NULL),
('50', '504021', 'JST', 'SEKRETARIS DINAS PEKERJAAN UMUM DAN PENATAAN RUANG', '1', NULL, NULL),
('51', '504022', 'JST', 'SEKRETARIS DINAS LINGKUNGAN HIDUP, PERUMAHAN DAN KAWASAN PEMUKIMAN', '1', NULL, NULL),
('52', '504023', 'JST', 'SEKRETARIS DINAS KEPENDUDUKAN DAN PENCATATAN SIPIL', '1', NULL, NULL),
('53', '504024', 'JST', 'SEKRETARIS DINAS KEBUDAYAAN DAN PARIWISATA', '1', NULL, NULL),
('54', '504025', 'JST', 'SEKRETARIS DINAS PENGENDALIAN PENDUDUK DAN KELUARGA BERENCANA, PEMBERDAYAAN MASYARAKAT DAN DESA', '1', NULL, NULL),
('55', '504026', 'JST', 'SEKRETARIS DINAS KETAHANAN PANGAN DAN PERTANIAN', '1', NULL, NULL),
('56', '504027', 'JST', 'SEKRETARIS DINAS KOPERASI, USAHA KECIL DAN MENENGAH, PERINDUSTRIAN DAN PERDAGANGAN', '1', NULL, NULL),
('57', '504028', 'JST', 'SEKRETARIS DINAS PERHUBUNGAN, KELAUTAN DAN PERIKANAN', '1', NULL, NULL),
('58', '504029', 'JST', 'SEKRETARIS DINAS TENAGA KERJA, PENANAMAN MODAL DAN PELAYANAN TERPADU SATU PINTU', '1', NULL, NULL),
('59', '504030', 'JST', 'SEKRETARIS DINAS KOMUNIKASI DAN INFORMATIKA', '1', NULL, NULL),
('60', '504031', 'JST', 'SEKRETARIS DINAS PERPUSTAKAAN DAN KEARSIPAN', '1', NULL, NULL),
('61', '504032', 'JST', 'SEKRETARIS DINAS KESEHATAN', '1', NULL, NULL),
('62', '504033', 'JST', 'SEKRETARIS SATUAN POLISI PAMONG PRAJA DAN PEMADAM KEBAKARAN', '1', NULL, NULL),
('63', '504034', 'JST', 'SEKRETARIS BADAN PERENCANAAN PEMBANGUNAN DAERAH', '1', NULL, NULL),
('64', '504035', 'JST', 'SEKRETARIS BADAN PENDAPATAN DAERAH', '1', NULL, NULL),
('65', '504036', 'JST', 'SEKRETARIS BADAN PENGELOLAAN KEUANGAN DAN ASET DAERAH', '1', NULL, NULL),
('66', '504037', 'JST', 'SEKRETARIS BADAN KEPEGAWAIAN DAERAH, DAN PENGEMBANGAN SUMBER DAYA MANUSIA', '1', NULL, NULL),
('67', '504038', 'JST', 'SEKRETARIS BADAN PENANGGULANGAN BENCANA DAERAH', '1', NULL, NULL),
('68', '504039', 'JST', 'CAMAT PEMENANG ', '1', NULL, NULL),
('69', '504040', 'JST', 'CAMAT TANJUNG ', '1', NULL, NULL),
('70', '504041', 'JST', 'CAMAT GANGGA ', '1', NULL, NULL),
('71', '504042', 'JST', 'CAMAT KAYANGAN', '1', NULL, NULL),
('72', '504043', 'JST', 'CAMAT BAYAN ', '1', NULL, NULL),
('73', '504044', 'JST', 'SEKRETARIS KOMISI PEMILIHAN UMUM', '1', NULL, NULL),
('74', '505001', 'JST', 'KEPALA BIDANG PENDIDIKAN DASAR', '1', NULL, NULL),
('75', '505002', 'JST', 'KEPALA BIDANG PEMBINAAN KETENAGAAN', '1', NULL, NULL),
('76', '505003', 'JST', 'KEPALA BIDANG PEMBINAAN PAUD DAN PENDIDIKAN NON FORMAL', '1', NULL, NULL),
('77', '505004', 'JST', 'KEPALA BIDANG KEPEMUDAAN DAN OLAHRAGA', '1', NULL, NULL),
('78', '505005', 'JST', 'KEPALA BIDANG PEMBERDAYAAN SOSIAL DAN PENANGGULANGAN KEMISKINAN', '1', NULL, NULL),
('79', '505006', 'JST', 'KEPALA BIDANG REHABILITASI SOSIAL, PERLINDUNGAN DAN JAMINAN SOSIAL', '1', NULL, NULL),
('80', '505007', 'JST', 'KEPALA BIDANG PERLINDUNGAN PEREMPUAN DAN ANAK', '1', NULL, NULL),
('81', '505008', 'JST', 'KEPALA BIDANG PEMBERDAYAAN DAN KUALITAS HIDUP PEREMPUAN', '1', NULL, NULL),
('82', '505009', 'JST', 'KEPALA BIDANG CIPTA KARYA', '1', NULL, NULL),
('83', '505010', 'JST', 'KEPALA BIDANG BINA MARGA', '1', NULL, NULL),
('84', '505011', 'JST', 'KEPALA BIDANG PENGAIRAN', '1', NULL, NULL),
('85', '505012', 'JST', 'KEPALA BIDANG PERTANAHAN', '1', NULL, NULL),
('86', '505013', 'JST', 'KEPALA BIDANG PERUMAHAN DAN KAWASAN PERMUKIMAN', '1', NULL, NULL),
('87', '505014', 'JST', 'KEPALA BIDANG PENATAAN DAN PENAATAN PPLH', '1', NULL, NULL),
('88', '505015', 'JST', 'KEPALA BIDANG PENGELOLAAN SAMPAH LIMBAH B3 DAN PENINGKATAN KAPASITAS', '1', NULL, NULL),
('89', '505016', 'JST', 'KEPALA BIDANG PENCEMARAN DAN KERUSAKAN LINGKUNGAN HIDUP', '1', NULL, NULL),
('90', '505017', 'JST', 'KEPALA BIDANG PELAYANAN PENDAFTARAN PENDUDUK', '1', NULL, NULL),
('91', '505018', 'JST', 'KEPALA BIDANG PELAYANAN PENCATATAN SIPIL', '1', NULL, NULL),
('92', '505019', 'JST', 'KEPALA BIDANG PENGELOLAAN INFORMASI ADMINISTRASI KEPENDUDUKAN DAN PEMANFAATAN DATA', '1', NULL, NULL),
('93', '505020', 'JST', 'KEPALA BIDANG PENGEMBANGAN DESTINASI DAN USAHA PARIWISATA', '1', NULL, NULL),
('94', '505021', 'JST', 'KEPALA BIDANG KEBUDAYAAN DAN KESENIAN', '1', NULL, NULL),
('95', '505022', 'JST', 'KEPALA BIDANG PEMASARAN PARIWISATA', '1', NULL, NULL),
('96', '505023', 'JST', 'KEPALA BIDANG PENYULUHAN DAN PENGEMBANGAN SDM PARIWISATA ', '1', NULL, NULL),
('97', '505024', 'JST', 'KEPALA BIDANG PENGENDALIAN PENDUDUK DAN KELUARGA BERENCANA', '1', NULL, NULL),
('98', '505025', 'JST', 'KEPALA BIDANG ADVOKASI PENGGERAKAN INFORMASI DAN KELUARGA SEJAHTERA', '1', NULL, NULL),
('99', '505026', 'JST', 'KEPALA BIDANG PEMBERDAYAAN MASYARAKAT', '1', NULL, NULL),
('100', '505027', 'JST', 'KEPALA BIDANG PENATAAN DAN ADMINISTRASI DESA', '1', NULL, NULL),
('101', '505028', 'JST', 'KEPALA BIDANG KETERSEDIAAN DAN DISTRIBUSI PANGAN', '1', NULL, NULL),
('102', '505029', 'JST', 'KEPALA BIDANG PENGANEKARAGAMAN KONSUMSI DAN KEAMANAN PANGAN', '1', NULL, NULL),
('103', '505030', 'JST', 'KEPALA BIDANG TANAMAN PANGAN DAN HOLTIKULTURA', '1', NULL, NULL),
('104', '505031', 'JST', 'KEPALA BIDANG PERKEBUNAN', '1', NULL, NULL),
('105', '505032', 'JST', 'KEPALA BIDANG PETERNAKAN DAN KESEHATAN HEWAN', '1', NULL, NULL),
('106', '505033', 'JST', 'KEPALA BIDANG PRASARANA SARANA DAN PENYULUHAN', '1', NULL, NULL),
('107', '505034', 'JST', 'KEPALA BIDANG KOPERASI DAN USAHA KECIL MENENGAH', '1', NULL, NULL),
('108', '505035', 'JST', 'KEPALA BIDANG PERINDUSTRIAN', '1', NULL, NULL),
('109', '505036', 'JST', 'KEPALA BIDANG PERDAGANGAN', '1', NULL, NULL),
('110', '505037', 'JST', 'KEPALA BIDANG PERHUBUNGAN DARAT', '1', NULL, NULL),
('111', '505038', 'JST', 'KEPALA BIDANG PERHUBUNGAN LAUT', '1', NULL, NULL),
('112', '505039', 'JST', 'KEPALA BIDANG PERIKANAN TANGKAP', '1', NULL, NULL),
('113', '505040', 'JST', 'KEPALA BIDANG PERIKANAN BUDIDAYA', '1', NULL, NULL),
('114', '505041', 'JST', 'KEPALA BIDANG PEMBINAAN HUBUNGAN INDUSTRIAL DAN JAMINAN SOSIAL KETENAGAKERJAAN', '1', NULL, NULL),
('115', '505042', 'JST', 'KEPALA BIDANG PENEMPATAN, PELATIHAN PRODUKTIVITAS DAN TRANSMIGRASI', '1', NULL, NULL),
('116', '505043', 'JST', 'KEPALA BIDANG PENANAMAN MODAL', '1', NULL, NULL),
('117', '505044', 'JST', 'KEPALA BIDANG PELAYANAN PERIJINAN TERPADU', '1', NULL, NULL),
('118', '505045', 'JST', 'KEPALA BIDANG PENGELOLAAN INFORMASI DAN KOMUNIKASI PUBLIK', '1', NULL, NULL),
('119', '505046', 'JST', 'KEPALA BIDANG ELEKTRONIK GOVERNMENT', '1', NULL, NULL),
('120', '505047', 'JST', 'KEPALA BIDANG PERPUSTAKAAN', '1', NULL, NULL),
('121', '505048', 'JST', 'KEPALA BIDANG KEARSIPAN', '1', NULL, NULL),
('122', '505049', 'JST', 'KEPALA BIDANG PELAYANAN KESEHATAN', '1', NULL, NULL),
('123', '505050', 'JST', 'KEPALA BIDANG KESEHATAN MASYARAKAT', '1', NULL, NULL),
('124', '505051', 'JST', 'KEPALA BIDANG PENCEGAHAN DAN PENGENDALIAN PENYAKIT', '1', NULL, NULL),
('125', '505052', 'JST', 'KEPALA BIDANG PERLINDUNGAN MASYARAKAT DAN PEMADAM KEBAKARAN', '1', NULL, NULL),
('126', '505053', 'JST', 'KEPALA BIDANG PENEGAKAN PERUNDANG - UNDANGAN DAERAH', '1', NULL, NULL),
('127', '505054', 'JST', 'KEPALA BIDANG KETENTRAMAN DAN KETERTIBAN UMUM', '1', NULL, NULL),
('128', '505055', 'JST', 'KEPALA BIDANG EKONOMI', '1', NULL, NULL),
('129', '505056', 'JST', 'KEPALA BIDANG SOSIAL BUDAYA', '1', NULL, NULL),
('130', '505057', 'JST', 'KEPALA BIDANG FISIK DAN PRASARANA', '1', NULL, NULL),
('131', '505058', 'JST', 'KEPALA BIDANG PENELITIAN PENGEMBANGAN DAN EVALUASI PEMBANGUNAN', '1', NULL, NULL),
('132', '505059', 'JST', 'KEPALA BIDANG PENDATAAN DAN PENETAPAN', '1', NULL, NULL),
('133', '505060', 'JST', 'KEPALA BIDANG PAJAK BUMI DAN BANGUNAN PERDESAAN DAN PERKOTAAN DAN BEA PEROLEHAN HAK ATAS TANAH DAN BANGUNAN', '1', NULL, NULL),
('134', '505061', 'JST', 'KEPALA BIDANG PENDAPATAN DAERAH', '1', NULL, NULL),
('135', '505062', 'JST', 'KEPALA BIDANG ANGGARAN DAN PERBENDAHARAAN', '1', NULL, NULL),
('136', '505063', 'JST', 'KEPALA BIDANG AKUNTANSI', '1', NULL, NULL),
('137', '505064', 'JST', 'KEPALA BIDANG PENGELOLAAN ASET', '1', NULL, NULL),
('138', '505065', 'JST', 'KEPALA BIDANG MUTASI KEPEGAWAIAN', '1', NULL, NULL),
('139', '505066', 'JST', 'KEPALA BIDANG PENGEMBANGAN SUMBERDAYA MANUSIA', '1', NULL, NULL),
('140', '505067', 'JST', 'KEPALA BIDANG PENCEGAHAN DAN KESIAPSIAGAAN', '1', NULL, NULL),
('141', '505068', 'JST', 'KEPALA BIDANG KEDARURATAN DAN LOGISTIK', '1', NULL, NULL),
('142', '505069', 'JST', 'KEPALA BIDANG REHABILITASI DAN KONSTRUKSI', '1', NULL, NULL),
('143', '505070', 'JST', 'KEPALA BIDANG PELAYANAN MEDIK & KEPERAWATAN', '1', NULL, NULL),
('144', '505071', 'JST', 'KEPALA BIDANG PENUNJANG MEDIK & NON MEDIK', '1', NULL, NULL),
('145', '505072', 'JST', 'SEKRETARIS CAMAT PEMENANG', '1', NULL, NULL),
('146', '505073', 'JST', 'SEKRETARIS CAMAT TANJUNG', '1', NULL, NULL),
('147', '505074', 'JST', 'SEKRETARIS CAMAT GANGGA', '1', NULL, NULL),
('148', '505075', 'JST', 'SEKRETARIS CAMAT KAYANGAN', '1', NULL, NULL),
('149', '505076', 'JST', 'SEKRETARIS CAMAT BAYAN', '1', NULL, NULL),
('150', '506001', 'JST', 'KEPALA SUB BAGIAN SARANA PEREKONOMIAN', '1', NULL, NULL),
('151', '506002', 'JST', 'KEPALA SUB BAGIAN PRODUKSI DAERAH', '1', NULL, NULL),
('152', '506003', 'JST', 'KEPALA SUB BAGIAN KERJASAMA', '1', NULL, NULL),
('153', '506004', 'JST', 'KEPALA SUB BAGIAN PROGRAM', '1', NULL, NULL),
('154', '506005', 'JST', 'KEPALA SUB BAGIAN ADMINISTRASI PEMBANGUNAN', '1', NULL, NULL),
('155', '506006', 'JST', 'KEPALA SUB BAGIAN MONITORING DAN EVALUASI', '1', NULL, NULL),
('156', '506007', 'JST', 'KEPALA SUB BAGIAN PEMERINTAHAN UMUM', '1', NULL, NULL),
('157', '506008', 'JST', 'KEPALA SUB BAGIAN OTONOMI DAERAH', '1', NULL, NULL),
('158', '506009', 'JST', 'KEPALA SUB BAGIAN EVALUASI DAN PENGEMBANGAN KAPASITAS DAERAH', '1', NULL, NULL),
('159', '506010', 'JST', 'KEPALA SUB BAGIAN PERUNDANG-UNDANGAN DAN KAJIAN HUKUM', '1', NULL, NULL),
('160', '506011', 'JST', 'KEPALA SUB BAGIAN BANTUAN HUKUM DAN HAK ASASI MANUSIA', '1', NULL, NULL),
('161', '506012', 'JST', 'KEPALA SUB BAGIAN DOKUMENTASI DAN PENYULUHAN HUKUM', '1', NULL, NULL),
('162', '506013', 'JST', 'KEPALA SUB BAGIAN KEAGAMAAN', '1', NULL, NULL),
('163', '506014', 'JST', 'KEPALA SUB BAGIAN KESEJAHTERAAN DAN FASILITASI LAYANAN DASAR', '2', NULL, NULL),
('164', '506015', 'JST', 'KEPALA SUB BAGIAN PENDIDIKAN, SOSIAL DAN BUDAYA', '2', NULL, NULL),
('165', '506016', 'JST', 'KEPALA SUB BAGIAN TATA USAHA DAN KEUANGAN', '2', NULL, NULL),
('166', '506017', 'JST', 'KEPALA SUB BAGIAN PERLENGKAPAN', '2', NULL, NULL),
('167', '506018', 'JST', 'KEPALA SUB BAGIAN RUMAH TANGGA', '2', NULL, NULL),
('168', '506019', 'JST', 'KEPALA SUB BAGIAN HUBUNGAN MASYARAKAT', '2', NULL, NULL),
('169', '506020', 'JST', 'KEPALA SUB BAGIAN PROTOKOL', '2', NULL, NULL),
('170', '506021', 'JST', 'KEPALA SUB BAGIAN DOKUMENTASI DAN PUBLIKASI', '2', NULL, NULL),
('171', '506022', 'JST', 'KEPALA SUB BAGIAN KELEMBAGAAN', '2', NULL, NULL),
('172', '506023', 'JST', 'KEPALA SUB BAGIAN TATALAKSANA DAN PELAYANAN PUBLIK', '2', NULL, NULL),
('173', '506024', 'JST', 'KEPALA SUB BAGIAN ANALISIS JABATAN', '2', NULL, NULL),
('174', '506025', 'JST', 'KEPALA SUB BAGIAN TATA USAHA DAN KEPEGAWAIAN SEKRETARIAT DPRD', '2', NULL, NULL),
('175', '506026', 'JST', 'KEPALA SUB BAGIAN PERLENGKAPAN DAN RUMAH TANGGA SEKRETARIAT DPRD', '2', NULL, NULL),
('176', '506027', 'JST', 'KEPALA SUB BAGIAN PERENCANAAN ANGGARAN DAN PELAPORAN', '2', NULL, NULL),
('177', '506028', 'JST', 'KEPALA SUB BAGIAN VERIFIKASI DAN PEMBUKUAN', '2', NULL, NULL),
('178', '506029', 'JST', 'KEPALA SUB BAGIAN RISALAH, PUBLIKASI DAN DOKUMENTASI', '2', NULL, NULL),
('179', '506030', 'JST', 'KEPALA SUB BAGIAN HUKUM', '2', NULL, NULL),
('180', '506031', 'JST', 'KEPALA SUBBAGIAN PROGRAM DAN KEUANGAN INSPEKTORAT', '2', NULL, NULL),
('181', '506032', 'JST', 'KEPALA SUBBAGIAN UMUM DAN KEPEGAWAIAN INSPEKTORAT', '2', NULL, NULL),
('182', '506033', 'JST', 'KEPALA SUBBAGIAN UMUM DAN KEPEGAWAIAN DINAS PENDIDIKAN, KEPEMUDAAN DAN OLAH RAGA', '2', NULL, NULL),
('183', '506034', 'JST', 'KEPALA SUBBAGIAN PROGRAM DAN KEUANGAN DINAS PENDIDIKAN, KEPEMUDAAN DAN OLAH RAGA', '2', NULL, NULL),
('184', '506035', 'JST', 'KEPALA SUBBAGIAN PENYELENGGARAAN TUGAS PEMBANTUAN DINAS PENDIDIKAN, KEPEMUDAAN DAN OLAH RAGA', '2', NULL, NULL),
('185', '506036', 'JST', 'KEPALA SEKSI KELEMBAGAAN DAN SARANA PRASARANA', '2', NULL, NULL),
('186', '506037', 'JST', 'KEPALA SEKSI KURIKULUM DAN PENILAIAN', '2', NULL, NULL),
('187', '506038', 'JST', 'KEPALA SEKSI PESERTA DIDIK DAN PEMBANGUNAN KARAKTER', '2', NULL, NULL),
('188', '506039', 'JST', 'KEPALA SEKSI PTK PENDIDIKAN DASAR', '2', NULL, NULL),
('189', '506040', 'JST', 'KEPALA SEKSI PTK PENDIDIKAN PAUD DAN NON FORMAL', '2', NULL, NULL),
('190', '506041', 'JST', 'KEPALA SEKSI KELEMBAGAAN DAN SARANA PRASARANA', '2', NULL, NULL),
('191', '506042', 'JST', 'KEPALA SEKSI KURIKULUM DAN PENILAIAN', '2', NULL, NULL),
('192', '506043', 'JST', 'KEPALA SEKSI PESERTA DIDIK DAN PEMBANGUNAN KARAKTER', '2', NULL, NULL),
('193', '506044', 'JST', 'KEPALA SEKSI KEPEMUDAAN DAN KEPRAMUKAAN', '2', NULL, NULL),
('194', '506045', 'JST', 'KEPALA SEKSI PEMBINAAN DAN PENGEMBANGAN OLAH RAGA', '2', NULL, NULL),
('195', '506046', 'JST', 'KEPALA UPTD DIKPORA KECAMATAN PEMENANG', '2', NULL, NULL),
('196', '506047', 'JST', 'KEPALA UPTD DIKPORA KECAMATAN TANJUNG', '2', NULL, NULL),
('197', '506048', 'JST', 'KEPALA UPTD DIKPORA KECAMATAN GANGGA', '2', NULL, NULL),
('198', '506049', 'JST', 'KEPALA UPTD DIKPORA KECAMATAN KAYANGAN', '2', NULL, NULL),
('199', '506050', 'JST', 'KEPALA UPTD DIKPORA KECAMATAN BAYAN', '2', NULL, NULL),
('200', '506051', 'JST', 'KEPALA UPTD SANGGAR KESENIAN DAN BELAJAR DIKPORA ', '2', NULL, NULL),
('201', '506052', 'JST', 'KEPALA SUB BAGIAN PROGRAM DAN PELAPORAN DINAS SOSIAL, PEMBERDAYAAN PEREMPUAN DAN PERLINDUNGAN ANAK', '2', NULL, NULL),
('202', '506053', 'JST', 'KEPALA SUB BAGIAN KEUANGAN DINAS SOSIAL, PEMBERDAYAAN PEREMPUAN DAN PERLINDUNGAN ANAK', '2', NULL, NULL),
('203', '506054', 'JST', 'KEPALA SUB BAGIAN UMUM DAN KEPEGAWAIAN DINAS SOSIAL, PEMBERDAYAAN PEREMPUAN DAN PERLINDUNGAN ANAK', '2', NULL, NULL),
('204', '506055', 'JST', 'KEPALA SEKSI PEMBERDAYAAN KELEMBAGAAN KESEJAHTERAAN SOSIAL', '2', NULL, NULL),
('205', '506056', 'JST', 'KEPALA SEKSI PENANGGULANGAN KEMISKINAN', '2', NULL, NULL),
('206', '506057', 'JST', 'KEPALA SEKSI REHABILITASI SOSIAL', '2', NULL, NULL),
('207', '506058', 'JST', 'KEPALA SEKSI PERLINDUNGAN SOSIAL KORBAN BENCANA', '2', NULL, NULL),
('208', '506059', 'JST', 'KEPALA SEKSI JAMINAN SOSIAL', '2', NULL, NULL),
('209', '506060', 'JST', 'KEPALA SEKSI PERLINDUNGAN PEREMPUAN', '2', NULL, NULL),
('210', '506061', 'JST', 'KEPALA SEKSI PERLINDUNGAN ANAK', '2', NULL, NULL),
('211', '506062', 'JST', 'KEPALA SEKSI PENGARUSUTAMAAN GENDER DAN KUALITAS HIDUP PEREMPUAN', '2', NULL, NULL),
('212', '506063', 'JST', 'KEPALA SEKSI PENGUATAN PELEMBAGAAN', '2', NULL, NULL),
('213', '506064', 'JST', 'KEPALA SUBBAGIAN PROGRAM DAN PELAPORAN DINAS PEKERJAAN UMUM DAN PENATAAN RUANG', '2', NULL, NULL),
('214', '506065', 'JST', 'KEPALA SUBBAGIAN KEUANGAN DINAS PEKERJAAN UMUM DAN PENATAAN RUANG', '2', NULL, NULL),
('215', '506066', 'JST', 'KEPALA SUBBAGIAN UMUM DAN KEPEGAWAIAN DINAS PEKERJAAN UMUM DAN PENATAAN RUANG', '2', NULL, NULL),
('216', '506067', 'JST', 'KEPALA SEKSI PENATAAN LINGKUNGAN DAN JASA KONTRUKSI', '2', NULL, NULL),
('217', '506068', 'JST', 'KEPALA SEKSI PENATAAN RUANG DAN BANGUNAN', '2', NULL, NULL),
('218', '506069', 'JST', 'KEPALA SEKSI AIR BERSIH DAN PENYEHATAN LINGKUNGAN', '2', NULL, NULL),
('219', '506070', 'JST', 'KEPALA SEKSI PERENCANAAN TEKNIS DAN PENGENDALIAN', '2', NULL, NULL),
('220', '506071', 'JST', 'KEPALA SEKSI PEMBANGUNAN JALAN DAN JEMBATAN', '2', NULL, NULL),
('221', '506072', 'JST', 'KEPALA SEKSI PEMELIHARAAN JALAN DAN JEMBATAN', '2', NULL, NULL),
('222', '506073', 'JST', 'KEPALA SEKSI PERENCANAAN PENGAIRAN', '2', NULL, NULL),
('223', '506074', 'JST', 'KEPALA SEKSI PEMBANGUNAN JARINGAN IRIGASI', '2', NULL, NULL),
('224', '506075', 'JST', 'KEPALA SEKSI OPERASI DAN PEMELIHARAAN JARINGAN IRIGASI', '2', NULL, NULL),
('225', '506076', 'JST', 'KEPALA SEKSI PERENCANAAN DAN INVENTARISASI PEMANFAATAN TANAH', '2', NULL, NULL),
('226', '506077', 'JST', 'KEPALA SEKSI PENYELESAIAN SENGKETA DAN GANTI RUGI', '2', NULL, NULL),
('227', '506078', 'JST', 'KEPALA SUBBAGIAN PROGRAM DAN PELAPORAN DINAS LINGKUNGAN HIDUP, PERUMAHAN DAN KAWASAN PEMUKIMAN', '2', NULL, NULL),
('228', '506079', 'JST', 'KEPALA SUBBAGIAN KEUANGAN DINAS LINGKUNGAN HIDUP, PERUMAHAN DAN KAWASAN PEMUKIMAN', '2', NULL, NULL),
('229', '506080', 'JST', 'KEPALA SUBBAGIAN UMUM DAN KEPEGAWAIAN DINAS LINGKUNGAN HIDUP, PERUMAHAN DAN KAWASAN PEMUKIMAN', '2', NULL, NULL),
('230', '506081', 'JST', 'KEPALA SEKSI PERUMAHAN', '2', NULL, NULL),
('231', '506082', 'JST', 'KEPALA SEKSI KAWASAN PERMUKIMAN', '2', NULL, NULL),
('232', '506083', 'JST', 'KEPALA SEKSI PERTAMANAN', '2', NULL, NULL),
('233', '506084', 'JST', 'KEPALA SEKSI PERENCANAAN DAN KAJIAN DAMPAK LINGKUNGAN', '2', NULL, NULL),
('234', '506085', 'JST', 'KEPALA SEKSI PENGADUAN, PENYELESAIAN SENGKETA DAN PENEGAKAN HUKUM LINGKUNGAN', '2', NULL, NULL),
('235', '506086', 'JST', 'KEPALA SEKSI PENGELOLAAN SAMPAH DAN LIMBAH B3', '2', NULL, NULL),
('236', '506087', 'JST', 'KEPALA SEKSI PENINGKATAN KAPASITAS LINGKUNGAN HIDUP', '2', NULL, NULL),
('237', '506088', 'JST', 'KEPALA SEKSI PENCEMARAN DAN KERUSAKAN LINGKUNGAN', '2', NULL, NULL),
('238', '506089', 'JST', 'KEPALA SEKSI PEMELIHARAAN', '2', NULL, NULL),
('239', '506090', 'JST', 'KEPALA SUBBAGIAN PROGRAM DAN KEUANGAN DINAS KEPENDUDUKAN DAN PENCATATAN SIPIL', '3', NULL, NULL),
('240', '506091', 'JST', 'KEPALA SUBBAGIAN UMUM DAN KEPEGAWAIAN DINAS KEPENDUDUKAN DAN PENCATATAN SIPIL', '3', NULL, NULL),
('241', '506092', 'JST', 'KEPALA SEKSI IDENTITAS PENDUDUK', '3', NULL, NULL),
('242', '506093', 'JST', 'KEPALA SEKSI PINDAH DATANG PENDUDUK', '3', NULL, NULL),
('243', '506094', 'JST', 'KEPALA SEKSI PENDATAAN PENDUDUK', '3', NULL, NULL),
('244', '506095', 'JST', 'KEPALA SEKSI KELAHIRAN', '3', NULL, NULL),
('245', '506096', 'JST', 'KEPALA SEKSI PERKAWINAN DAN PERCERAIAN', '3', NULL, NULL),
('246', '506097', 'JST', 'KEPALA SEKSI PERUBAHAN STATUS ANAK, KEWARGANEGARAAN DAN KEMATIAN', '3', NULL, NULL),
('247', '506098', 'JST', 'KEPALA SEKSI SISTEM INFORMASI ADMINISTRASI KEPENDUDUKAN', '3', NULL, NULL),
('248', '506099', 'JST', 'KEPALA SEKSI PENGOLAHAN DAN PENYAJIAN DATA', '3', NULL, NULL),
('249', '506100', 'JST', 'KEPALA SEKSI KERJASAMA DAN INOVASI PELAYANAN', '3', NULL, NULL),
('250', '506101', 'JST', 'KEPALA SUB BAGIAN PROGRAM DAN PELAPORAN DINAS KEBUDAYAAN DAN PARIWISATA', '3', NULL, NULL),
('251', '506102', 'JST', 'KEPALA SUB BAGIAN KEUANGAN DINAS KEBUDAYAAN DAN PARIWISATA', '3', NULL, NULL),
('252', '506103', 'JST', 'KEPALA SUB BAGIAN UMUM DAN KEPEGAWAIAN DINAS KEBUDAYAAN DAN PARIWISATA', '3', NULL, NULL),
('253', '506104', 'JST', 'KEPALA SEKSI OBYEK DAN DAYA TARIK WISATA', '3', NULL, NULL),
('254', '506105', 'JST', 'KEPALA SEKSI USAHA JASA DAN SARANA PARIWISATA', '3', NULL, NULL),
('255', '506106', 'JST', 'KEPALA SEKSI KESENIAN', '3', NULL, NULL),
('256', '506107', 'JST', 'KEPALA SEKSI KEBUDAYAAN', '3', NULL, NULL),
('257', '506108', 'JST', 'KEPALA SEKSI PEMASARAN DAN ANALISA PASAR WISATA', '3', NULL, NULL),
('258', '506109', 'JST', 'KEPALA SEKSI INFORMASI DAN BAHAN PROMOSI', '3', NULL, NULL),
('259', '506110', 'JST', 'KEPALA SEKSI PENYULUHAN WISATA', '3', NULL, NULL),
('260', '506111', 'JST', 'KEPALA SEKSI PENGEMBANGAN SDM PARIWISATA', '3', NULL, NULL),
('261', '506112', 'JST', 'KEPALA SUB BAGIAN PROGRAM DAN PELAPORAN  DINAS PENGENDALIAN PENDUDUK DAN KELUARGA BERENCANA, PEMBERDAYAAN MASYARAKAT DAN DESA', '3', NULL, NULL),
('262', '506113', 'JST', 'KEPALA SUB BAGIAN KEUANGAN  DINAS PENGENDALIAN PENDUDUK DAN KELUARGA BERENCANA, PEMBERDAYAAN MASYARAKAT DAN DESA', '3', NULL, NULL),
('263', '506114', 'JST', 'KEPALA SUB BAGIAN UMUM DAN KEPEGAWAIAN  DINAS PENGENDALIAN PENDUDUK DAN KELUARGA BERENCANA, PEMBERDAYAAN MASYARAKAT DAN DESA', '3', NULL, NULL),
('264', '506115', 'JST', 'KEPALA SEKSI KESERTAAN KB DAN KESEHATAN REPRODUKSI', '3', NULL, NULL),
('265', '506116', 'JST', 'KEPALA SEKSI PENYERASIAN KEBIJAKAN KEPENDUDUKAN DAN ANALISA DAMPAK KEPENDUDUKAN ', '3', NULL, NULL),
('266', '506117', 'JST', 'KEPALA SEKSI ADVOKASI PENGGERAKAN DAN INFORMASI ', '3', NULL, NULL),
('267', '506118', 'JST', 'KEPALA SEKSI KELUARGA SEJAHTRA', '3', NULL, NULL),
('268', '506119', 'JST', 'KEPALA SEKSI KELEMBAGAAN, TEKNOLOGI TEPAT GUNA DAN SUMBER DAYA DESA', '3', NULL, NULL),
('269', '506120', 'JST', 'KEPALA SEKSI PENGEMBANGAN USAHA EKONOMI DESA ', '3', NULL, NULL),
('270', '506121', 'JST', 'KEPALA SEKSI PENATAAN DAN KERJASAMA DESA', '3', NULL, NULL),
('271', '506122', 'JST', 'KEPALA SEKSI ADMINISTRASI PEMERINTAHAN DESA', '3', NULL, NULL),
('272', '506123', 'JST', 'KEPALA SUBBAGIAN UMUM DAN KEPEGAWAIAN DINAS KETAHANAN PANGAN DAN PERTANIAN', '3', NULL, NULL),
('273', '506124', 'JST', 'KEPALA SUBBAGIAN KEUANGAN DINAS KETAHANAN PANGAN DAN PERTANIAN', '3', NULL, NULL),
('274', '506125', 'JST', 'KEPALA SUBBAGIAN PROGRAM DAN PELAPORAN DINAS KETAHANAN PANGAN DAN PERTANIAN', '3', NULL, NULL),
('275', '506126', 'JST', 'KEPALA SEKSI KETERSEDIAAN DAN  KERAWANAN PANGAN', '3', NULL, NULL),
('276', '506127', 'JST', 'KEPALA SEKSI DISTRIBUSI DAN CADANGAN PANGAN', '3', NULL, NULL),
('277', '506128', 'JST', 'KEPALA SEKSI PENGANEKARAGAMAN PANGAN', '3', NULL, NULL),
('278', '506129', 'JST', 'KEPALA SEKSI KONSUMSI DAN KEAMANAN PANGAN', '3', NULL, NULL),
('279', '506130', 'JST', 'KEPALA SEKSI PEMBENIHAN DAN PERLINDUNGAN', '3', NULL, NULL),
('280', '506131', 'JST', 'KEPALA SEKSI  PRODUKSI', '3', NULL, NULL),
('281', '506132', 'JST', 'KEPALA SEKSI PENGOLAHAN DAN PEMASARAN', '3', NULL, NULL),
('282', '506133', 'JST', 'KEPALA SEKSI PEMBENIHAN DAN PERLINDUNGAN', '3', NULL, NULL),
('283', '506134', 'JST', 'KEPALA SEKSI PRODUKSI', '3', NULL, NULL),
('284', '506135', 'JST', 'KEPALA SEKSI PENGOLAHAN DAN PEMASARAN', '3', NULL, NULL),
('285', '506136', 'JST', 'KEPALA SEKSI PEMBIBITAN DAN PRODUKSI', '3', NULL, NULL),
('286', '506137', 'JST', 'KEPALA SEKSI KESEHATAN HEWAN DAN MASYARAKAT VETERINER', '3', NULL, NULL),
('287', '506138', 'JST', 'KEPALA SEKSI PENGOLAHAN DAN PEMASARAN', '3', NULL, NULL),
('288', '506139', 'JST', 'KEPALA SEKSI PUPUK, PESTISIDA, ALAT DAN MESIN', '3', NULL, NULL),
('289', '506140', 'JST', 'KEPALA SEKSI KELEMBAGAAN DAN KETENAGAAN', '3', NULL, NULL),
('290', '506141', 'JST', 'KEPALA SEKSI PROGRAM DAN INFORMASI', '3', NULL, NULL),
('291', '506142', 'JST', 'KEPALA UPTD PEMENANG ', '3', NULL, NULL),
('292', '506143', 'JST', 'KEPALA UPTD TANJUNG', '3', NULL, NULL),
('293', '506144', 'JST', 'KEPALA UPTD GANGGA', '3', NULL, NULL),
('294', '506145', 'JST', 'KEPALA UPTD KAYANGAN', '3', NULL, NULL),
('295', '506146', 'JST', 'KEPALA UPTD BAYAN', '3', NULL, NULL),
('296', '506147', 'JST', 'KEPALA SUBBAGIAN PROGRAM DAN KEUANGAN DINAS KOPERASI, USAHA KECIL DAN MENENGAH, PERINDUSTRIAN DAN PERDAGANGAN', '3', NULL, NULL),
('297', '506148', 'JST', 'KEPALA SUBBAGIAN UMUM DAN KEPEGAWAIAN DINAS KOPERASI, USAHA KECIL DAN MENENGAH, PERINDUSTRIAN DAN PERDAGANGAN', '3', NULL, NULL),
('298', '506149', 'JST', 'KEPALA SEKSI BINA KELEMBAGAAN DAN USAHA KOPERASI', '3', NULL, NULL),
('299', '506150', 'JST', 'KEPALA SEKSI BINA PEMBERDAYAAN DAN PENGAWASAN KOPERASI', '3', NULL, NULL),
('300', '506151', 'JST', 'KEPALA SEKSI BINA FASILITASI PERMODALAN DAN PEMBERDAYAAN USAHA KECIL MENENGAH', '3', NULL, NULL),
('301', '506152', 'JST', 'KEPALA SEKSI INDUSTRI ARGO DAN KIMIA', '3', NULL, NULL),
('302', '506153', 'JST', 'KEPALA SEKSI INDUSTRI LOGAM, MESIN DAN TRANSPORTASI', '3', NULL, NULL),
('303', '506154', 'JST', 'KEPALA SEKSI BINA FASILITASI PERMODALAN DAN IKLIM USAHA', '3', NULL, NULL),
('304', '506155', 'JST', 'KEPALA SEKSI PERLINDUNGAN KONSUMEN DAN KEMETROLOGIAN', '3', NULL, NULL),
('305', '506156', 'JST', 'KEPALA SEKSI USAHA PERDAGANGAN DAN PENGENDALIAN', '3', NULL, NULL),
('306', '506157', 'JST', 'KEPALA SEKSI DISTRIBUSI DAN PROMOSI USAHA', '3', NULL, NULL),
('307', '506158', 'JST', 'KEPALA SUBBAGIAN PROGRAM DAN PELAPORAN DINAS PERHUBUNGAN, KELAUTAN DAN PERIKANAN', '3', NULL, NULL),
('308', '506159', 'JST', 'KEPALA SUBBAGIAN KEUANGAN DINAS PERHUBUNGAN, KELAUTAN DAN PERIKANAN', '3', NULL, NULL),
('309', '506160', 'JST', 'KEPALA SUBBAGIAN UMUM DAN KEPEGAWAIAN DINAS PERHUBUNGAN, KELAUTAN DAN PERIKANAN', '3', NULL, NULL),
('310', '506161', 'JST', 'KEPALA SEKSI LALU LINTAS DAN ANGKUTAN JALAN', '3', NULL, NULL),
('311', '506162', 'JST', 'KEPALA SEKSI TEKNIK SARANA DAN PRASARANA', '3', NULL, NULL),
('312', '506163', 'JST', 'KEPALA SEKSI PERPARKIRAN', '3', NULL, NULL),
('313', '506164', 'JST', 'KEPALA SEKSI ANGKUTAN LAUT', '3', NULL, NULL),
('314', '506165', 'JST', 'KEPALA SEKSI KEPELABUHANAN', '3', NULL, NULL),
('315', '506166', 'JST', 'KEPALA SEKSI KESELAMATAN PELAYARAN', '3', NULL, NULL),
('316', '506167', 'JST', 'KEPALA SEKSI PENGEMBANGAN SARANA PRASARANA DAN PRODUKSI PERIKANAN TANGKAP SKALA KECIL', '3', NULL, NULL),
('317', '506168', 'JST', 'KEPALA SEKSI PENGEMBANGAN USAHA DAN SUMBERDAYA PERIKANAN TANGKAP', '3', NULL, NULL),
('318', '506169', 'JST', 'KEPALA SEKSI PENGEMBANGAN SARANA PRASARANA DAN PRODUKSI PERIKANAN BUDIDAYA', '3', NULL, NULL),
('319', '506170', 'JST', 'KEPALA SEKSI PENGEMBANGAN USAHA DAN SUMBERDAYA PERIKANAN BUDIDAYA', '3', NULL, NULL),
('320', '506171', 'JST', 'KEPALA SUBBAGIAN PROGRAM DAN PELAPORAN DINAS TENAGA KERJA, PENANAMAN MODAL DAN PELAYANAN TERPADU SATU PINTU', '3', NULL, NULL),
('321', '506172', 'JST', 'KEPALA SUBBAGIAN KEUANGAN DINAS TENAGA KERJA, PENANAMAN MODAL DAN PELAYANAN TERPADU SATU PINTU', '3', NULL, NULL),
('322', '506173', 'JST', 'KEPALA SUBBAGIAN UMUM DAN KEPEGAWAIAN DINAS TENAGA KERJA, PENANAMAN MODAL DAN PELAYANAN TERPADU SATU PINTU', '3', NULL, NULL),
('323', '506174', 'JST', 'KEPALA SEKSI PEMBINAAN HUBUNGAN INDUSTRIAL DAN SYARAT KERJA', '3', NULL, NULL),
('324', '506175', 'JST', 'KEPALA SEKSI PENYELESAIAN PERSELISIHAN, HUBUNGAN INDUSTRIAL DAN JAMINAN SOSIAL KETENAGAKERJAAN', '3', NULL, NULL),
('325', '506176', 'JST', 'KEPALA SEKSI PEMBINAAN KELEMBAGAAN, PELATIHAN DAN PRODUKTIVITAS', '3', NULL, NULL),
('326', '506177', 'JST', 'KEPALA SEKSI PENEMPATAN, PERLUASAN, KESEMPATAN KERJA DAN TRANSMIGRASI', '3', NULL, NULL),
('327', '506178', 'JST', 'KEPALA SEKSI PENANAMAN MODAL, PROMOSI DAN KERJASAMA', '3', NULL, NULL),
('328', '506179', 'JST', 'KEPALA SEKSI PENGAWASAN DAN PENGENDALIAN', '3', NULL, NULL),
('329', '506180', 'JST', 'KEPALA SEKSI PELAYANAN PERIJINAN DAN KLARIFIKASI', '3', NULL, NULL),
('330', '506181', 'JST', 'KEPALA SEKSI NON PERIJINAN', '3', NULL, NULL),
('331', '506182', 'JST', 'KEPALA SEKSI PENDATAAN PERIJINAN', '3', NULL, NULL),
('332', '506183', 'JST', 'KEPALA UPTD BALAI LATIHAN KERJA ', '3', NULL, NULL),
('333', '506184', 'JST', 'KEPALA SUB BAGIAN PROGRAM DAN KEUANGAN  DINAS KOMUNIKASI DAN INFORMATIKA', '3', NULL, NULL),
('334', '506185', 'JST', 'KEPALA SUB BAGIAN UMUM DAN KEPEGAWAIAN  DINAS KOMUNIKASI DAN INFORMATIKA', '3', NULL, NULL),
('335', '506186', 'JST', 'KEPALA SEKSI STATISTIK DAN DOKUMENTASI', '3', NULL, NULL),
('336', '506187', 'JST', 'KEPALA SEKSI KEMITRAAN DAN PELAYANAN INFORMASI PUBLIK', '3', NULL, NULL),
('337', '506188', 'JST', 'KEPALA SEKSI PENGAMANAN INFORMASI DAN PERSANDIAN', '3', NULL, NULL),
('338', '506189', 'JST', 'KEPALA SEKSI PENGEMBANGAN DAN PENGELOLAAN APLIKASI', '3', NULL, NULL),
('339', '506190', 'JST', 'KEPALA SEKSI INFRASTRUKTUR DAN TEKNOLOGI', '3', NULL, NULL),
('340', '506191', 'JST', 'KEPALA SEKSI TATA KELOLA DAN LAYANAN ELEKTRONIK GOVERNMENT', '3', NULL, NULL),
('341', '506192', 'JST', 'KEPALA SUBBAGIAN PROGRAM DAN KEUANGAN DINAS PERPUSTAKAAN DAN KEARSIPAN', '3', NULL, NULL),
('342', '506193', 'JST', 'KEPALA SUBBAGIAN UMUM DAN KEPEGAWAIAN DINAS PERPUSTAKAAN DAN KEARSIPAN', '3', NULL, NULL),
('343', '506194', 'JST', 'KEPALA SEKSI PEMBINAAN PERPUSTAKAAN', '3', NULL, NULL),
('344', '506195', 'JST', 'KEPALA SEKSI PELESTARIAN KOLEKSI DAN NASKAH KUNO', '3', NULL, NULL),
('345', '506196', 'JST', 'KEPALA SEKSI PENGELOLAAN ARSIP', '3', NULL, NULL),
('346', '506197', 'JST', 'KEPALA SEKSI PERLINDUNGAN DAN PENYELAMATAN ARSIP', '3', NULL, NULL),
('347', '506198', 'JST', 'KEPALA SUBBAGIAN UMUM DAN KEPEGAWAIAN DINAS KESEHATAN', '3', NULL, NULL),
('348', '506199', 'JST', 'KEPALA SUBBAGIAN PROGRAM DAN KEUANGAN DINAS KESEHATAN', '3', NULL, NULL),
('349', '506200', 'JST', 'KEPALA SEKSI PELAYANAN KESEHATAN DAN KESEHATAN JIWA', '3', NULL, NULL),
('350', '506201', 'JST', 'KEPALA SEKSI JAMINAN KESEHATAN', '3', NULL, NULL),
('351', '506202', 'JST', 'KEPALA SEKSI KEFARMASIAN DAN ALAT KESEHATAN', '3', NULL, NULL),
('352', '506203', 'JST', 'KEPALA SEKSI GIZI', '3', NULL, NULL),
('353', '506204', 'JST', 'KEPALA SEKSI KESEHATAN KELUARGA', '3', NULL, NULL),
('354', '506205', 'JST', 'KEPALA SEKSI PROMOSI DAN KESEHATAN LINGKUNGAN', '3', NULL, NULL),
('355', '506206', 'JST', 'KEPALA SEKSI PENCEGAHAN DAN PENGENDALIAN PENYAKIT MENULAR', '3', NULL, NULL),
('356', '506207', 'JST', 'KEPALA SEKSI PENCEGAHAN DAN PENGENDALIAN PENYAKIT TIDAK MENULAR, KESEHATAN KERJA DAN OLAHRAGA', '3', NULL, NULL),
('357', '506208', 'JST', 'KEPALA SEKSI SURVEILANS DAN IMUNISASI', '3', NULL, NULL),
('358', '506209', 'JST', 'KEPALA UPTD PUSKESMAS NIPAH', '3', NULL, NULL),
('359', '506210', 'JST', 'KEPALA UPTD PUSKESMAS PEMENANG', '3', NULL, NULL),
('360', '506211', 'JST', 'KEPALA UPTD PUSKESMAS TANJUNG', '3', NULL, NULL),
('361', '506212', 'JST', 'KEPALA UPTD PUSKESMAS GANGGA', '3', NULL, NULL),
('362', '506213', 'JST', 'KEPALA UPTD PUSKESMAS KAYANGAN', '3', NULL, NULL),
('363', '506214', 'JST', 'KEPALA UPTD PUSKESMAS SANTONG', '3', NULL, NULL),
('364', '506215', 'JST', 'KEPALA UPTD PUSKESMAS SENARU', '3', NULL, NULL),
('365', '506216', 'JST', 'KEPALA UPTD PUSKESMAS BAYAN', '3', NULL, NULL),
('366', '506217', 'JST', 'KEPALA SUBBAGIAN UMUM & KEPEGAWAIAN RUMAH SAKIT UMUM DAERAH', '3', NULL, NULL),
('367', '506218', 'JST', 'KEPALA SUBBAGIAN KEUANGAN RUMAH SAKIT UMUM DAERAH', '3', NULL, NULL),
('368', '506219', 'JST', 'KEPALA SUBBAGIAN PERENCANAAN & PELAPORAN', '3', NULL, NULL),
('369', '506220', 'JST', 'KEPALA SEKSI PELAYANAN MEDIK', '3', NULL, NULL),
('370', '506221', 'JST', 'KEPALA SEKSI PELAYANAN KEPERAWATAN', '3', NULL, NULL),
('371', '506222', 'JST', 'KEPALA SEKSI PENGEMBANGAN PENDIDIKAN & DIKLAT', '3', NULL, NULL),
('372', '506223', 'JST', 'KEPALA SEKSI PENUNJANG MEDIK', '3', NULL, NULL),
('373', '506224', 'JST', 'KEPALA SEKSI PENUNJANG NON MEDIK', '3', NULL, NULL),
('374', '506225', 'JST', 'KEPALA SEKSI SARANA PRASARANA & LOGISTIK RUMAH SAKIT', '3', NULL, NULL),
('375', '506226', 'JST', 'KEPALA SUBBAGIAN PROGRAM DAN KEUANGAN SATUAN POLISI PAMONG PRAJA DAN PEMADAM KEBAKARAN', '3', NULL, NULL),
('376', '506227', 'JST', 'KEPALA SUBBAGIAN UMUM DAN KEPEGAWAIAN SATUAN POLISI PAMONG PRAJA DAN PEMADAM KEBAKARAN', '3', NULL, NULL),
('377', '506228', 'JST', 'KEPALA SEKSI PERLINDUNGAN MASYARAKAT', '3', NULL, NULL),
('378', '506229', 'JST', 'KEPALA SEKSI PEMADAM KEBAKARAN', '3', NULL, NULL),
('379', '506230', 'JST', 'KEPALA SEKSI PENGEMBANGAN KAPASITAS DAN PEMBINAAN PPNS', '3', NULL, NULL),
('380', '506231', 'JST', 'KEPALA SEKSI PENEGAKAN PERDA DAN PENINDAKAN', '3', NULL, NULL),
('381', '506232', 'JST', 'KEPALA SEKSI KETERTIBAN UMUM DAN KETENTRAMAN MASYARAKAT', '3', NULL, NULL),
('382', '506233', 'JST', 'KEPALA SEKSI PENGAMANAN DAN PENGAWALAN', '3', NULL, NULL),
('383', '506234', 'JST', 'KEPALA SUBBAGIAN PROGRAM DAN PELAPORAN BADAN PERENCANAAN PEMBANGUNAN DAERAH', '3', NULL, NULL),
('384', '506235', 'JST', 'KEPALA SUBBAGIAN KEUANGAN BADAN PERENCANAAN PEMBANGUNAN DAERAH', '3', NULL, NULL),
('385', '506236', 'JST', 'KEPALA SUBBAGIAN UMUM DAN KEPEGAWAIAN BADAN PERENCANAAN PEMBANGUNAN DAERAH', '3', NULL, NULL),
('386', '506237', 'JST', 'KEPALA SUBBIDANG PERTANIAN,KEUANGAN, PENGEMBAGAN DUNIA USAHA', '3', NULL, NULL),
('387', '506238', 'JST', 'KEPALA SUBBBIDANG  KOPERASI, INDUSTRI,PERDAGANGAN DAN PERTAMBANGAN', '3', NULL, NULL),
('388', '506239', 'JST', 'KEPALA SUBBIDANG  PEMERINTAHAN , PENDIDIKAN DAN KEMASYARAKATAN', '3', NULL, NULL),
('389', '506240', 'JST', 'KEPALA SUBBIDANG  KESEHATAN DAN KESEJAHTERAAN SOSIAL', '3', NULL, NULL),
('390', '506241', 'JST', 'KEPALA SUBBIDANG DIKPORA,KEBUDDAYAAN , PERPUSTAKAAN DAN KEARSIPAN', '3', NULL, NULL),
('391', '506242', 'JST', 'KEPALA SUBBIDANG  PRASARANA WILAYAH,TATA RUANG, PERUMAHAN DAN LINGKUNGAN HIDUP', '3', NULL, NULL),
('392', '506243', 'JST', 'KEPALA SUBBIDANG PERHUBUNGAN, PARIWISATA, KOMUNIKASI DAN INFORMATIKA', '3', NULL, NULL),
('393', '506244', 'JST', 'KEPALA SUBBIDANG MONITORING, EVALUASI  DAN PELAPORAN PEMBANGUNAN', '3', NULL, NULL),
('394', '506245', 'JST', 'KEPALA SUBBIDANG PENELITIAN DAN PENGEMBANGAN', '3', NULL, NULL),
('395', '506246', 'JST', 'KEPALA SUBBAGIAN PROGRAM DAN KEUANGAN BADAN PENDAPATAN DAERAH', '3', NULL, NULL),
('396', '506247', 'JST', 'KEPALA SUBBAGIAN UMUM DAN KEPEGAWAIAN BADAN PENDAPATAN DAERAH', '3', NULL, NULL),
('397', '506248', 'JST', 'KEPALA SUBBIDANG PENDATAAN DAN PERHITUNGAN', '3', NULL, NULL),
('398', '506249', 'JST', 'KEPALA SUBBIDANG PEMERIKSAAN DAN PENERBITAN SURAT KETETAPAN', '3', NULL, NULL),
('399', '506250', 'JST', 'KEPALA SUBBIDANG DOKUMENTASI DAN PENGOLAHAN DATA', '3', NULL, NULL),
('400', '506251', 'JST', 'KEPALA SUBBIDANG PAJAK BUMI DAN BANGUNAN PERDESAAN DAN PERKOTAAN', '3', NULL, NULL),
('401', '506252', 'JST', 'KEPALA SUBBIDANG BEA PEROLEHAN HAK ATAS TANAH DAN BANGUNAN', '3', NULL, NULL),
('402', '506253', 'JST', 'KEPALA SUBBIDANG VERIFIKASI DAN KLARIFIKASI', '3', NULL, NULL),
('403', '506254', 'JST', 'KEPALA SUBBIDANG PENDAPATAN ASLI DAERAH', '3', NULL, NULL),
('404', '506255', 'JST', 'KEPALA SUBBIDANG PEMBUKUAN DAN PELAPORAN PENDAPATAN DAERAH', '3', NULL, NULL),
('405', '506256', 'JST', 'KEPALA SUBBIDANG KEBERATAN DAN EVALUASI', '3', NULL, NULL),
('406', '506257', 'JST', 'KEPALA SUBBAGIAN PROGRAM DAN KEUANGAN BADAN PENGELOLAAN KEUANGAN DAN ASET DAERAH', '3', NULL, NULL),
('407', '506258', 'JST', 'KEPALA SUBBAGIAN UMUM DAN KEPEGAWAIAN BADAN PENGELOLAAN KEUANGAN DAN ASET DAERAH', '3', NULL, NULL),
('408', '506259', 'JST', 'KEPALA SUBBIDANG ANGGARAN', '3', NULL, NULL),
('409', '506260', 'JST', 'KEPALA SUBBIDANG PERBENDAHARAAN DAN VERIFIKASI', '3', NULL, NULL),
('410', '506261', 'JST', 'KEPALA SUBBIDANG KAS DAERAH', '3', NULL, NULL),
('411', '506262', 'JST', 'KEPALA SUBBIDANG PENERIMAAN', '3', NULL, NULL),
('412', '506263', 'JST', 'KEPALA SUBBIDANG PENGELUARAN', '3', NULL, NULL),
('413', '506264', 'JST', 'KEPALA SUBBIDANG PELAPORAN', '3', NULL, NULL),
('414', '506265', 'JST', 'KEPALA SUBBIDANG PEMANFAATAN DAN PENGENDALIAN ASET ', '3', NULL, NULL),
('415', '506266', 'JST', 'KEPALA SUBBIDANG PENDATAAN DAN PENERTIBAN ASET', '3', NULL, NULL),
('416', '506267', 'JST', 'KEPALA SUBBIDANG PENGHAPUSAN DAN PENGALIHAN ASET', '3', NULL, NULL),
('417', '506268', 'JST', 'KEPALA SUBBAGIAN PROGRAM DAN KEUANGAN BADAN KEPEGAWAIAN DAERAH, DAN PENGEMBANGAN SUMBER DAYA MANUSIA', '3', NULL, NULL),
('418', '506269', 'JST', 'KEPALA SUBBAGIAN UMUM DAN KEPEGAWAIAN BADAN KEPEGAWAIAN DAERAH, DAN PENGEMBANGAN SUMBER DAYA MANUSIA', '3', NULL, NULL),
('419', '506270', 'JST', 'KEPALA SUBBIDANG JABATAN DAN KEPANGKATAN', '3', NULL, NULL),
('420', '506271', 'JST', 'KEPALA SUBBIDANG ANALISA KOMPETENSI DAN PENEMPATAN', '3', NULL, NULL),
('421', '506272', 'JST', 'KEPALA SUBBIDANG PENGANGKATAN, PEMINDAHAN DAN PENSIUN', '3', NULL, NULL),
('422', '506273', 'JST', 'KEPALA SUBBIDANG PENDIDIKAN DAN PELATIHAN', '3', NULL, NULL),
('423', '506274', 'JST', 'KEPALA SUBBIDANG PERENCANAAN, PENGADAAN DAN INFORMASI DATA', '3', NULL, NULL),
('424', '506275', 'JST', 'KEPALA SUBBIDANG KESEJAHTERAAN PEGAWAI', '3', NULL, NULL),
('425', '506276', 'JST', 'KEPALA SUBBAGIAN PROGRAM DAN KEUANGAN BADAN PENANGGULANGAN BENCANA DAERAH', '3', NULL, NULL),
('426', '506277', 'JST', 'KEPALA SUBBAGIAN UMUM DAN KEPEGAWAIAN BADAN PENANGGULANGAN BENCANA DAERAH', '3', NULL, NULL),
('427', '506278', 'JST', 'KEPALA SEKSI PENCEGAHAN BENCANA', '3', NULL, NULL),
('428', '506279', 'JST', 'KEPALA SEKSI KESIAPSIAGAAN BENCANA', '3', NULL, NULL),
('429', '506280', 'JST', 'KEPALA SEKSI KEDARURATAN DAN OPERASIONAL PENANGGULANGAN BENCANA', '3', NULL, NULL),
('430', '506281', 'JST', 'KEPALA SEKSI PENANGANAN PENGUNGSI DAN LOGISTIK', '3', NULL, NULL),
('431', '506282', 'JST', 'KEPALA SEKSI REHABILITASI', '3', NULL, NULL),
('432', '506283', 'JST', 'KEPALA SEKSI REKONSTRUKSI', '3', NULL, NULL),
('433', '506284', 'JST', 'KEPALA SEKSI PEMERINTAHAN KECAMATAN PEMENANG', '3', NULL, NULL),
('434', '506285', 'JST', 'KEPALA SEKSI KETENTRAMAN DAN KETERTIBAN UMUM KECAMATAN PEMENANG', '3', NULL, NULL),
('435', '506286', 'JST', 'KEPALA SEKSI KESEJAHTRAAN SOSIAL KECAMATAN PEMENANG', '3', NULL, NULL),
('436', '506287', 'JST', 'KEPALA SEKSI PEMBERDAYAAN MASYARAKAT DESA KECAMATAN PEMENANG', '3', NULL, NULL),
('437', '506288', 'JST', 'KEPALA SEKSI PELAYANAN UMUM KECAMATAN PEMENANG', '3', NULL, NULL),
('438', '506289', 'JST', 'KEPALA SEKSI PEMERINTAHAN KECAMATAN TANJUNG', '3', NULL, NULL),
('439', '506290', 'JST', 'KEPALA SEKSI KETENTRAMAN DAN KETERTIBAN UMUM KECAMATAN TANJUNG', '3', NULL, NULL),
('440', '506291', 'JST', 'KEPALA SEKSI KESEJAHTRAAN SOSIAL KECAMATAN TANJUNG', '3', NULL, NULL),
('441', '506292', 'JST', 'KEPALA SEKSI PEMBERDAYAAN MASYARAKAT DESA KECAMATAN TANJUNG', '3', NULL, NULL),
('442', '506293', 'JST', 'KEPALA SEKSI PELAYANAN UMUM KECAMATAN TANJUNG', '3', NULL, NULL),
('443', '506294', 'JST', 'KEPALA SEKSI PEMERINTAHAN  KECAMATAN GANGGA', '3', NULL, NULL),
('444', '506295', 'JST', 'KEPALA SEKSI KETENTRAMAN DAN KETERTIBAN UMUM KECAMATAN GANGGA', '3', NULL, NULL),
('445', '506296', 'JST', 'KEPALA SEKSI KESEJAHTRAAN SOSIAL KECAMATAN GANGGA', '3', NULL, NULL),
('446', '506297', 'JST', 'KEPALA SEKSI PEMBERDAYAAN MASYARAKAT DESA KECAMATAN GANGGA', '3', NULL, NULL),
('447', '506298', 'JST', 'KEPALA SEKSI PELAYANAN UMUM KECAMATAN GANGGA', '3', NULL, NULL),
('448', '506299', 'JST', 'KEPALA SEKSI PEMERINTAHAN  KECAMATAN KAYANGAN', '3', NULL, NULL),
('449', '506300', 'JST', 'KEPALA SEKSI KETENTRAMAN DAN KETERTIBAN UMUM KECAMATAN KAYANGAN', '3', NULL, NULL),
('450', '506301', 'JST', 'KEPALA SEKSI KESEJAHTRAAN SOSIAL KECAMATAN KAYANGAN', '3', NULL, NULL),
('451', '506302', 'JST', 'KEPALA SEKSI PEMBERDAYAAN MASYARAKAT DESA KECAMATAN KAYANGAN', '3', NULL, NULL),
('452', '506303', 'JST', 'KEPALA SEKSI PELAYANAN UMUM KECAMATAN KAYANGAN', '3', NULL, NULL),
('453', '506304', 'JST', 'KEPALA SEKSI PEMERINTAHAN KECAMATAN BAYAN', '3', NULL, NULL),
('454', '506305', 'JST', 'KEPALA SEKSI KETENTRAMAN DAN KETERTIBAN UMUM KECAMATAN BAYAN', '3', NULL, NULL),
('455', '506306', 'JST', 'KEPALA SEKSI KESEJAHTRAAN SOSIAL KECAMATAN BAYAN', '3', NULL, NULL),
('456', '506307', 'JST', 'KEPALA SEKSI PEMBERDAYAAN MASYARAKAT DESA KECAMATAN BAYAN', '3', NULL, NULL),
('457', '506308', 'JST', 'KEPALA SEKSI PELAYANAN UMUM KECAMATAN BAYAN', '3', NULL, NULL),
('458', '506309', 'JST', 'KEPALA SUB BAGIAN KEUANGAN, UMUM DAN LOGISTIK', '3', NULL, NULL),
('459', '506310', 'JST', 'KEPALA SUB BAGIAN TEKHNIS DAN HUBMAS', '3', NULL, NULL),
('460', '506311', 'JST', 'KEPALA SUB BAGIAN HUKUM ', '3', NULL, NULL),
('461', '506312', 'JST', 'KEPALA SUB BAGIAN PROGRAM DAN DATA', '3', NULL, NULL),
('462', '508001', 'JST', 'KEPALA SUB BAGIAN UMUM DAN KEPEGAWAIAN KECAMATAN PEMENANG', '3', NULL, NULL),
('463', '508002', 'JST', 'KEPALA SUB BAGIAN PROGRAM DAN KEUANGAN KECAMATAN PEMENANG', '3', NULL, NULL),
('464', '508003', 'JST', 'KEPALA SUB BAGIAN UMUM DAN KEPEGAWAIAN KECAMATAN TANJUNG', '3', NULL, NULL),
('465', '508004', 'JST', 'KEPALA SUB BAGIAN PROGRAM DAN KEUANGAN KECAMATAN TANJUNG', '3', NULL, NULL),
('466', '508005', 'JST', 'KEPALA SUB BAGIAN UMUM DAN KEPEGAWAIAN KECAMATAN GANGGA', '3', NULL, NULL),
('467', '508006', 'JST', 'KEPALA SUB BAGIAN PROGRAM DAN KEUANGAN KECAMATAN GANGGA', '3', NULL, NULL),
('468', '508007', 'JST', 'KEPALA SUB BAGIAN UMUM DAN KEPEGAWAIAN KECAMATAN KAYANGAN', '3', NULL, NULL),
('469', '508008', 'JST', 'KEPALA SUB BAGIAN PROGRAM DAN KEUANGAN KECAMATAN KAYANGAN', '3', NULL, NULL),
('470', '508009', 'JST', 'KEPALA SUB BAGIAN UMUM DAN KEPEGAWAIAN KECAMATAN BAYAN', '3', NULL, NULL),
('471', '508010', 'JST', 'KEPALA SUB BAGIAN PROGRAM DAN KEUANGAN KECAMATAN BAYAN', '3', NULL, NULL),
('472', '510001', 'JFT', 'DOKTER UTAMA (SPESIALIS)', '3', NULL, NULL),
('473', '510002', 'JFT', 'DOKTER GIGI UTAMA', '3', NULL, NULL),
('474', '510003', 'JFT', 'DOKTER UTAMA', '3', NULL, NULL),
('475', '510004', 'JFT', 'APOTEKER UTAMA', '3', NULL, NULL),
('476', '510005', 'JFT', 'GURU UTAMA', '3', NULL, NULL),
('477', '510006', 'JFT', 'PENGAWAS SEKOLAH UTAMA', '3', NULL, NULL),
('478', '510007', 'JFT', 'STAF AHLI BIDANG EKONOMI, KEUANGAN DAN PEMBANGUNAN', '3', NULL, NULL),
('479', '510008', 'JFT', 'STAF AHLI BIDANG HUKUM, POLITIK DAN PEMERINTAHAN ', '3', NULL, NULL),
('480', '510009', 'JFT', 'STAF AHLI BIDANG KEMASYARAKATAN DAN SUMBER DAYA MANUSIA', '3', NULL, NULL),
('481', '510010', 'JFT', 'DOKTER AHLI MADYA', '3', NULL, NULL),
('482', '510011', 'JFT', 'DOKTER GIGI AHLI MADYA', '3', NULL, NULL),
('483', '510012', 'JFT', 'DOKTER GIGI MADYA', '3', NULL, NULL),
('484', '510013', 'JFT', 'DOKTER MADYA', '3', NULL, NULL),
('485', '510014', 'JFT', 'APOTEKER AHLI MADYA', '3', NULL, NULL),
('486', '510015', 'JFT', 'APOTEKER MADYA', '3', NULL, NULL),
('487', '510016', 'JFT', 'AUDITOR MADYA', '3', NULL, NULL),
('488', '510017', 'JFT', 'BIDAN AHLI MADYA ', '3', NULL, NULL),
('489', '510018', 'JFT', 'BIDAN MADYA', '3', NULL, NULL),
('490', '510019', 'JFT', 'GURU MADYA', '3', NULL, NULL),
('491', '510020', 'JFT', 'PENGAWAS PEMERINTAHAN MADYA', '3', NULL, NULL),
('492', '510021', 'JFT', 'PENGAWAS SEKOLAH MADYA', '3', NULL, NULL),
('493', '510022', 'JFT', 'PENYULUH KESEHATAN MASYARAKAT AHLI MADYA', '3', NULL, NULL),
('494', '510023', 'JFT', 'PERAWAT AHLI MADYA', '3', NULL, NULL),
('495', '510024', 'JFT', 'PERAWAT GIGI AHLI MADYA ', '3', NULL, NULL),
('496', '510025', 'JFT', 'PERAWAT GIGI MADYA', '3', NULL, NULL),
('497', '510026', 'JFT', 'PERAWAT MADYA', '3', NULL, NULL),
('498', '510027', 'JFT', 'DOKTER AHLI MUDA', '3', NULL, NULL),
('499', '510028', 'JFT', 'DOKTER GIGI AHLI MUDA', '4', NULL, NULL),
('500', '510029', 'JFT', 'DOKTER GIGI MUDA', '4', NULL, NULL);

INSERT INTO `jabatan` (`id`, `kode_jabatan`, `jenis_jabatan`, `jabatan`, `unit_kerja_id`, `created_at`, `updated_at`) VALUES
('501', '510030', 'JFT', 'DOKTER MUDA', '4', NULL, NULL),
('502', '510031', 'JFT', 'ANALIS KEPEGAWAIAN AHLI MUDA', '4', NULL, NULL),
('503', '510032', 'JFT', 'ANALIS KEPEGAWAIAN MUDA', '4', NULL, NULL),
('504', '510033', 'JFT', 'APOTEKER AHLI MUDA', '4', NULL, NULL),
('505', '510034', 'JFT', 'APOTEKER MUDA', '4', NULL, NULL),
('506', '510035', 'JFT', 'AUDITOR MUDA', '4', NULL, NULL),
('507', '510036', 'JFT', 'BIDAN AHLI MUDA', '4', NULL, NULL),
('508', '510037', 'JFT', 'BIDAN MUDA', '4', NULL, NULL),
('509', '510038', 'JFT', 'DOKTER AHLI PERTAMA', '4', NULL, NULL),
('510', '510039', 'JFT', 'DOKTER GIGI AHLI PERTAMA', '4', NULL, NULL),
('511', '510040', 'JFT', 'DOKTER GIGI PERTAMA', '4', NULL, NULL),
('512', '510041', 'JFT', 'DOKTER PERTAMA', '4', NULL, NULL),
('513', '510042', 'JFT', 'GURU MUDA', '4', NULL, NULL),
('514', '510043', 'JFT', 'INSTRUKTUR MUDA', '4', NULL, NULL),
('515', '510044', 'JFT', 'MEDIK VETERINER MUDA', '4', NULL, NULL),
('516', '510045', 'JFT', 'PENERA MUDA', '4', NULL, NULL),
('517', '510046', 'JFT', 'PENGAWAS KEMETROLOGIAN MUDA', '4', NULL, NULL),
('518', '510047', 'JFT', 'PENGAWAS PEMERINTAHAN MUDA', '4', NULL, NULL),
('519', '510048', 'JFT', 'PENGAWAS SEKOLAH MUDA', '4', NULL, NULL),
('520', '510049', 'JFT', 'PENGENDALI ORGANISME PENGGANGGU TUMBUHAN MUDA', '4', NULL, NULL),
('521', '510050', 'JFT', 'PENGUJI MUTU BARANG MUDA', '4', NULL, NULL),
('522', '510051', 'JFT', 'PENYULUH KESEHATAN MASYARAKAT AHLI MUDA', '4', NULL, NULL),
('523', '510052', 'JFT', 'PENYULUH PERINDUSTRIAN & PERDAGANGAN MUDA', '4', NULL, NULL),
('524', '510053', 'JFT', 'PERAWAT AHLI MUDA', '4', NULL, NULL),
('525', '510054', 'JFT', 'PERAWAT GIGI AHLI MUDA', '4', NULL, NULL),
('526', '510055', 'JFT', 'PERAWAT GIGI MUDA', '4', NULL, NULL),
('527', '510056', 'JFT', 'PERAWAT MUDA', '4', NULL, NULL),
('528', '510057', 'JFT', 'PERENCANA MUDA', '4', NULL, NULL),
('529', '510058', 'JFT', 'PUSTAKAWAN MUDA', '4', NULL, NULL),
('530', '510059', 'JFT', 'ANALIS KEPEGAWAIAN AHLI PERTAMA', '4', NULL, NULL),
('531', '510060', 'JFT', 'ANALIS KEPEGAWAIAN PERTAMA', '4', NULL, NULL),
('532', '510061', 'JFT', 'APOTEKER AHLI PERTAMA', '4', NULL, NULL),
('533', '510062', 'JFT', 'APOTEKER PERTAMA', '4', NULL, NULL),
('534', '510063', 'JFT', 'ASISTEN APOTEKER PENYELIA', '4', NULL, NULL),
('535', '510064', 'JFT', 'AUDITOR PERTAMA', '4', NULL, NULL),
('536', '510065', 'JFT', 'BIDAN AHLI PERTAMA', '4', NULL, NULL),
('537', '510066', 'JFT', 'BIDAN PENYELIA', '4', NULL, NULL),
('538', '510067', 'JFT', 'BIDAN PERTAMA', '4', NULL, NULL),
('539', '510068', 'JFT', 'FISIOTERAPIS PENYELIA', '4', NULL, NULL),
('540', '510069', 'JFT', 'GURU PERTAMA', '4', NULL, NULL),
('541', '510070', 'JFT', 'INSTRUKTUR PENYELIA', '4', NULL, NULL),
('542', '510071', 'JFT', 'INSTRUKTUR PERTAMA', '4', NULL, NULL),
('543', '510072', 'JFT', 'MEDIATOR HUBUNGAN INDUSTRIAL PERTAMA', '4', NULL, NULL),
('544', '510073', 'JFT', 'MEDIK VETERINER PERTAMA', '4', NULL, NULL),
('545', '510074', 'JFT', 'NUTRISIONIS PENYELIA', '4', NULL, NULL),
('546', '510075', 'JFT', 'PARAMEDIK VETERINER PENYELIA', '4', NULL, NULL),
('547', '510076', 'JFT', 'PENERA PERTAMA', '4', NULL, NULL),
('548', '510077', 'JFT', 'PENGAWAS KEMETROLOGIAN PERTAMA', '4', NULL, NULL),
('549', '510078', 'JFT', 'PENGAWAS PEMERINTAHAN PERTAMA', '4', NULL, NULL),
('550', '510079', 'JFT', 'PENGAWAS SEKOLAH PERTAMA', '4', NULL, NULL),
('551', '510080', 'JFT', 'PENGENDALI ORGANISME PENGGANGGU TUMBUHAN PERTAMA', '4', NULL, NULL),
('552', '510081', 'JFT', 'PENGUJI MUTU BARANG PERTAMA', '4', NULL, NULL),
('553', '510082', 'JFT', 'PENYULUH KESEHATAN MASYARAKAT AHLI PERTAMA', '4', NULL, NULL),
('554', '510083', 'JFT', 'PENYULUH KESEHATAN MASYARAKAT PENYELIA', '4', NULL, NULL),
('555', '510084', 'JFT', 'PENYULUH PERINDUSTRIAN & PERDAGANGAN PERTAMA', '4', NULL, NULL),
('556', '510085', 'JFT', 'PENYULUH PERTANIAN MUDA', '4', NULL, NULL),
('557', '510086', 'JFT', 'PENYULUH PERTANIAN PENYELIA ', '4', NULL, NULL),
('558', '510087', 'JFT', 'PENYULUH PERTANIAN PERTAMA', '4', NULL, NULL),
('559', '510088', 'JFT', 'PERAWAT AHLI PERTAMA', '4', NULL, NULL),
('560', '510089', 'JFT', 'PERAWAT GIGI AHLI PERTAMA', '4', NULL, NULL),
('561', '510090', 'JFT', 'PERAWAT GIGI MAHIR (KEPERAWATAN)', '4', NULL, NULL),
('562', '510091', 'JFT', 'PERAWAT GIGI PENYELIA', '4', NULL, NULL),
('563', '510092', 'JFT', 'PERAWAT GIGI PERTAMA', '4', NULL, NULL),
('564', '510093', 'JFT', 'PERAWAT PENYELIA', '4', NULL, NULL),
('565', '510094', 'JFT', 'PERAWAT PERTAMA', '4', NULL, NULL),
('566', '510095', 'JFT', 'PEREKAM MEDIS MAHIR', '4', NULL, NULL),
('567', '510096', 'JFT', 'PERENCANA PERTAMA', '4', NULL, NULL),
('568', '510097', 'JFT', 'PRANATA LABORATORIUM KESEHATAN PENYELIA', '4', NULL, NULL),
('569', '510098', 'JFT', 'PUSTAKAWAN PERTAMA', '4', NULL, NULL),
('570', '510099', 'JFT', 'RADIOGRAFER PENYELIA', '4', NULL, NULL),
('571', '510100', 'JFT', 'REFRAKSIONIS OPTISIEN PENYELIA', '4', NULL, NULL),
('572', '510101', 'JFT', 'SANITARIAN PENYELIA', '4', NULL, NULL),
('573', '510102', 'JFT', 'TEKNISI ELEKTROMEDIS PENYELIA', '4', NULL, NULL),
('574', '510103', 'JFT', 'TEKNISI TRANSFUSI DARAH PENYELIA', '4', NULL, NULL),
('575', '510104', 'JFT', 'ANALIS ASET NEGARA', '4', NULL, NULL),
('576', '510105', 'JFT', 'ANALIS BENCANA', '4', NULL, NULL),
('577', '510106', 'JFT', 'ANALIS BERITA', '4', NULL, NULL),
('578', '510107', 'JFT', 'ANALIS BUDAYA', '4', NULL, NULL),
('579', '510108', 'JFT', 'ANALIS DESA/KELURAHAN', '4', NULL, NULL),
('580', '510109', 'JFT', 'ANALIS DIKLAT', '4', NULL, NULL),
('581', '510110', 'JFT', 'ANALIS DOKUMEN PERIJINAN', '4', NULL, NULL),
('582', '510111', 'JFT', 'ANALIS DUNIA USAHA', '4', NULL, NULL),
('583', '510112', 'JFT', 'ANALIS GIZI', '4', NULL, NULL),
('584', '510113', 'JFT', 'ANALIS HUMAS DAN PROTOKOL', '4', NULL, NULL),
('585', '510114', 'JFT', 'ANALIS IKLIM USAHA DAN KERJASAMA', '4', NULL, NULL),
('586', '510115', 'JFT', 'ANALIS INDUSTRI DAN PENCEGAHAN PENCEMARAN', '4', NULL, NULL),
('587', '510116', 'JFT', 'ANALIS INFORMASI KEMASYARAKATAN', '4', NULL, NULL),
('588', '510117', 'JFT', 'ANALIS JABATAN', '4', NULL, NULL),
('589', '510118', 'JFT', 'ANALIS JALAN JEMBATAN', '4', NULL, NULL),
('590', '510119', 'JFT', 'ANALIS KEAMANAN', '4', NULL, NULL),
('591', '510120', 'JFT', 'ANALIS KEBAKARAN', '4', NULL, NULL),
('592', '510121', 'JFT', 'ANALIS KEBIJAKAN PAJAK', '4', NULL, NULL),
('593', '510122', 'JFT', 'ANALIS KEBIJAKAN PENGELOALA KEUANGAN BLU', '4', NULL, NULL),
('594', '510123', 'JFT', 'ANALIS KEBIJAKAN PENINDAKAN', '4', NULL, NULL),
('595', '510124', 'JFT', 'ANALIS KELEMBAGAAN', '4', NULL, NULL),
('596', '510125', 'JFT', 'ANALIS KEMASYARAKATAN', '4', NULL, NULL),
('597', '510126', 'JFT', 'ANALIS KEPENDUDUKAN DAN PENCATATAN SIPIL', '4', NULL, NULL),
('598', '510127', 'JFT', 'ANALIS KESEHATAN', '4', NULL, NULL),
('599', '510128', 'JFT', 'ANALIS KESEHATAN IBU DAN ANAK', '4', NULL, NULL),
('600', '510129', 'JFT', 'ANALIS KESEJAHTERAAN RAKYAT', '4', NULL, NULL),
('601', '510130', 'JFT', 'ANALIS KESENIAN DAN BUDAYA DAERAH', '4', NULL, NULL),
('602', '510131', 'JFT', 'ANALIS KOMPETENSI', '4', NULL, NULL),
('603', '510132', 'JFT', 'ANALIS KONSULTASI DAN BANTUAN HUKUM', '4', NULL, NULL),
('604', '510133', 'JFT', 'ANALIS KONTEN MEDIA SOSIAL', '4', NULL, NULL),
('605', '510134', 'JFT', 'ANALIS KOPERASI', '4', NULL, NULL),
('606', '510135', 'JFT', 'ANALIS KURIKULUM DAN PEMBALAJARAN', '4', NULL, NULL),
('607', '510136', 'JFT', 'ANALIS KURSUS DAN PELATIHAN', '4', NULL, NULL),
('608', '510137', 'JFT', 'ANALIS LINGKUNGAN HIDUP', '4', NULL, NULL),
('609', '510138', 'JFT', 'ANALIS MASALAH SOSIAL', '4', NULL, NULL),
('610', '510139', 'JFT', 'ANALIS MITIGASI BENCANA', '4', NULL, NULL),
('611', '510140', 'JFT', 'ANALIS MONITORING DAN EVALUASI ', '4', NULL, NULL),
('612', '510141', 'JFT', 'ANALIS MONITORING DAN EVALUASI KEBIJAKAN PAJAK DAERAH DAN RETRIBUSI DAERAH', '4', NULL, NULL),
('613', '510142', 'JFT', 'ANALIS OBAT DAN MAKANAN', '4', NULL, NULL),
('614', '510143', 'JFT', 'ANALIS OBJEK WISATA', '4', NULL, NULL),
('615', '510144', 'JFT', 'ANALIS ORGANISASI DAN TATA LAKSANA', '4', NULL, NULL),
('616', '510145', 'JFT', 'ANALIS PAJAK', '4', NULL, NULL),
('617', '510146', 'JFT', 'ANALIS PANGAN', '4', NULL, NULL),
('618', '510147', 'JFT', 'ANALIS PARIWISATA', '4', NULL, NULL),
('619', '510148', 'JFT', 'ANALIS PELABUHAN', '4', NULL, NULL),
('620', '510149', 'JFT', 'ANALIS PELAYANAN', '4', NULL, NULL),
('621', '510150', 'JFT', 'ANALIS PEMASARAN HASIL PERTANIAN ', '4', NULL, NULL),
('622', '510151', 'JFT', 'ANALIS PEMBANGUNAN', '4', NULL, NULL),
('623', '510152', 'JFT', 'ANALIS PEMBERDAYAAN MASYARAKAT', '4', NULL, NULL),
('624', '510153', 'JFT', 'ANALIS PEMBERDAYAAN PEREMPUAN DAN ANAK', '4', NULL, NULL),
('625', '510154', 'JFT', 'ANALIS PEMERINTAHAN DAERAH', '4', NULL, NULL),
('626', '510155', 'JFT', 'ANALIS PEMERINTAHAN UMUM DAN OTONOMI DAERAH', '4', NULL, NULL),
('627', '510156', 'JFT', 'ANALIS PENANGGULANGAN KRISIS KESEHATAN', '4', NULL, NULL),
('628', '510157', 'JFT', 'ANALIS PENATA KAWASAN', '4', NULL, NULL),
('629', '510158', 'JFT', 'ANALIS PENDAPATAN DAERAH', '4', NULL, NULL),
('630', '510159', 'JFT', 'ANALIS PENELITIAN DAN PENGEMBANGAN', '4', NULL, NULL),
('631', '510160', 'JFT', 'ANALIS PENELITIAN DAN PENGEMBANGAN', '4', NULL, NULL),
('632', '510161', 'JFT', 'ANALIS PENETAPAN HAK ATAS TANAH', '4', NULL, NULL),
('633', '510162', 'JFT', 'ANALIS PENGELOLAAN SUMBER DAYA AIR', '4', NULL, NULL),
('634', '510163', 'JFT', 'ANALIS PENGEMBANGAN EKONOMI PEDESAAN', '4', NULL, NULL),
('635', '510164', 'JFT', 'ANALIS PENGEMBANGAN KAPASITAS KEUANGAN DAERAH', '4', NULL, NULL),
('636', '510165', 'JFT', 'ANALIS PENGEMBANGAN KAPASITAS KEUANGAN DAERAH ', '4', NULL, NULL),
('637', '510166', 'JFT', 'ANALIS PENGEMBANGAN SARANA DAN PRASARANA', '4', NULL, NULL),
('638', '510167', 'JFT', 'ANALIS PENGEMBANGAN USAHA AGRO INDUSTRI', '4', NULL, NULL),
('639', '510168', 'JFT', 'ANALIS PENGGUNAAN DAN PEMANFAATAN TANAH', '4', NULL, NULL),
('640', '510169', 'JFT', 'ANALIS PENYAKIT MENULAR', '4', NULL, NULL),
('641', '510170', 'JFT', 'ANALIS PENYIDIKAN', '4', NULL, NULL),
('642', '510171', 'JFT', 'ANALIS PERATURAN PERUNDANG UNDANGAN', '4', NULL, NULL),
('643', '510172', 'JFT', 'ANALIS PERBENDAHARAAN', '4', NULL, NULL),
('644', '510173', 'JFT', 'ANALIS PERDAGANGAN', '4', NULL, NULL),
('645', '510174', 'JFT', 'ANALIS PEREKONOMIAN', '4', NULL, NULL),
('646', '510175', 'JFT', 'ANALIS PERENCANAAN ANGGARAN', '4', NULL, NULL),
('647', '510176', 'JFT', 'ANALIS PERHUBUNGAN DAN TELEKOMUNIKASI', '4', NULL, NULL),
('648', '510177', 'JFT', 'ANALIS PERIJINAN', '4', NULL, NULL),
('649', '510178', 'JFT', 'ANALIS PERIKANAN BUDIDAYA', '4', NULL, NULL),
('650', '510179', 'JFT', 'ANALIS PERLINDUNGAN SUMBER DAYA', '4', NULL, NULL),
('651', '510180', 'JFT', 'ANALIS PERSANDIAN', '4', NULL, NULL),
('652', '510181', 'JFT', 'ANALIS PERUMAHAN', '4', NULL, NULL),
('653', '510182', 'JFT', 'ANALIS PESTISIDA', '4', NULL, NULL),
('654', '510183', 'JFT', 'ANALIS POLA KONSUMSI PANGAN MASYARAKAT', '4', NULL, NULL),
('655', '510184', 'JFT', 'ANALIS POTENSI KELAUTAN', '4', NULL, NULL),
('656', '510185', 'JFT', 'ANALIS PROGRAM PEMBANGUNAN', '4', NULL, NULL),
('657', '510186', 'JFT', 'ANALIS PROGRAM PEMBERDAYAAN MASYARAKAT DALAM PENANGANAN MASALAH SOSIAL', '4', NULL, NULL),
('658', '510187', 'JFT', 'ANALIS PROGRAM/ KEGIATAN PEMBANGUNAN PERTANIAN', '4', NULL, NULL),
('659', '510188', 'JFT', 'ANALIS REHABILITASI MASALAH SOSIAL', '4', NULL, NULL),
('660', '510189', 'JFT', 'ANALIS RENCANA INDUK JARINGAN TRANSPORTASI DARAT', '4', NULL, NULL),
('661', '510190', 'JFT', 'ANALIS RENCANA PROGRAM DAN KEGIATAN', '4', NULL, NULL),
('662', '510191', 'JFT', 'ANALIS SISTEM INFORMASI', '4', NULL, NULL),
('663', '510192', 'JFT', 'ANALIS SOSIAL DAN BUDAYA', '4', NULL, NULL),
('664', '510193', 'JFT', 'ANALIS STANDAR MUTU BAHAN DAN PERALATAN', '4', NULL, NULL),
('665', '510194', 'JFT', 'ANALIS STATISTIK', '4', NULL, NULL),
('666', '510195', 'JFT', 'ANALIS SUMBER DAYA MANUSIA APARATUR', '4', NULL, NULL),
('667', '510196', 'JFT', 'ANALIS TAMAN', '4', NULL, NULL),
('668', '510197', 'JFT', 'ANALIS TATA RUANG', '4', NULL, NULL),
('669', '510198', 'JFT', 'ANALIS TATA USAHA', '4', NULL, NULL),
('670', '510199', 'JFT', 'ANALIS TENAGA KERJA', '4', NULL, NULL),
('671', '510200', 'JFT', 'ANALIS TRANSAKSI KEUANGAN', '4', NULL, NULL),
('672', '510201', 'JFT', 'ANALISIS PELAYANAN SOSIAL', '4', NULL, NULL),
('673', '510202', 'JFT', 'ASISTEN APOTEKER MAHIR', '4', NULL, NULL),
('674', '510203', 'JFT', 'ASISTEN APOTEKER PELAKSANA LANJUTAN', '4', NULL, NULL),
('675', '510204', 'JFT', 'BENDAHARA ', '4', NULL, NULL),
('676', '510205', 'JFT', 'BIDAN MAHIR', '4', NULL, NULL),
('677', '510206', 'JFT', 'FASILITATOR KEWIRAUSAHAAN', '4', NULL, NULL),
('678', '510207', 'JFT', 'FASILITATOR PROMOSI', '4', NULL, NULL),
('679', '510208', 'JFT', 'FILOLOG', '4', NULL, NULL),
('680', '510209', 'JFT', 'FISIOTERAPIS MAHIR', '4', NULL, NULL),
('681', '510210', 'JFT', 'INSPEKTUR SARANA DAN PERASARANAN FASILITAS KESEHATAN', '4', NULL, NULL),
('682', '510211', 'JFT', 'INSTRUKTUR MAHIR', '4', NULL, NULL),
('683', '510212', 'JFT', 'KONSELOR', '4', NULL, NULL),
('684', '510213', 'JFT', 'KOORDINATOR', '4', NULL, NULL),
('685', '510214', 'JFT', 'MEDIK VETERINER', '4', NULL, NULL),
('686', '510215', 'JFT', 'NUTRISIONIS MAHIR', '4', NULL, NULL),
('687', '510216', 'JFT', 'NUTRISIONIS PELAKSANA LANJUTAN', '4', NULL, NULL),
('688', '510217', 'JFT', 'PARAMEDIK VETERINER MAHIR', '4', NULL, NULL),
('689', '510218', 'JFT', 'PEMERIKSA ALAT MESIN PERTANIAN', '4', NULL, NULL),
('690', '510219', 'JFT', 'PEMERIKSA IRIGASI', '4', NULL, NULL),
('691', '510220', 'JFT', 'PEMERIKSA JALAN DAN JEMABATAN', '4', NULL, NULL),
('692', '510221', 'JFT', 'PEMERIKSA KEPENDUDUKAN', '4', NULL, NULL),
('693', '510222', 'JFT', 'PEMERIKSA KESELAMATAN PELAYARAN', '4', NULL, NULL),
('694', '510223', 'JFT', 'PEMERIKSA PERTANAHAN', '4', NULL, NULL),
('695', '510224', 'JFT', 'PEMERIKSA PUPUK DAN PESTISIDA', '4', NULL, NULL),
('696', '510225', 'JFT', 'PENATA BANGUNAN GEDUNG DAN PERMUKIMAN', '4', NULL, NULL),
('697', '510226', 'JFT', 'PENATA KENDARAAN DINAS', '4', NULL, NULL),
('698', '510227', 'JFT', 'PENATA LAPORAN KEUANGAN', '4', NULL, NULL),
('699', '510228', 'JFT', 'PENATA PENYEHATAN LINGKUNGAN PERMUKIMAN', '4', NULL, NULL),
('700', '510229', 'JFT', 'PENELAAH BANGUNAN GEDUNG', '4', NULL, NULL),
('701', '510230', 'JFT', 'PENELAAH DAMPAK LINGKUNGAN', '4', NULL, NULL),
('702', '510231', 'JFT', 'PENELAAH PENYEHATAN LINGKUNGAN PERMUKIMAN', '4', NULL, NULL),
('703', '510232', 'JFT', 'PENGAWAS ANGKUTAN DAN TERMINAL', '4', NULL, NULL),
('704', '510233', 'JFT', 'PENGAWAS HARGA PANGAN', '4', NULL, NULL),
('705', '510234', 'JFT', 'PENGAWAS HYGIENE, SANITASI USAHA PETERNAKAN DAN KESEHATAN MASYARAKAT VETERINER', '4', NULL, NULL),
('706', '510235', 'JFT', 'PENGAWAS IRIGASI', '4', NULL, NULL),
('707', '510236', 'JFT', 'PENGAWAS JALAN DAN JEMBATAN', '4', NULL, NULL),
('708', '510237', 'JFT', 'PENGAWAS KEKERASAN TERHADAP PEREMPUAN DAN ANAK', '4', NULL, NULL),
('709', '510238', 'JFT', 'PENGAWAS KEPENDUDUKAN', '4', NULL, NULL),
('710', '510239', 'JFT', 'PENGAWAS LALU LINTAS LAUT', '4', NULL, NULL),
('711', '510240', 'JFT', 'PENGAWAS LAPANGAN ANGKUTAN SAMPAH', '4', NULL, NULL),
('712', '510241', 'JFT', 'PENGAWAS MUHUT HASIL PERKEBUNAN', '4', NULL, NULL),
('713', '510242', 'JFT', 'PENGAWAS MUTU BIBIT TERNAK', '4', NULL, NULL),
('714', '510243', 'JFT', 'PENGAWAS PENANAMAN MODAL', '4', NULL, NULL),
('715', '510244', 'JFT', 'PENGAWAS PERPUSTAKAAN', '4', NULL, NULL),
('716', '510245', 'JFT', 'PENGEVALUASI PERKEMBANGAN BUMD', '4', NULL, NULL),
('717', '510246', 'JFT', 'PENYELIDIK GEOLOGI', '4', NULL, NULL),
('718', '510247', 'JFT', 'PENYULUH BENCANA', '4', NULL, NULL),
('719', '510248', 'JFT', 'PENYULUH KEARSIPAN', '4', NULL, NULL),
('720', '510249', 'JFT', 'PENYULUH KELUARGA PRA SEJAHTERA DAN KELUARGA SEJAHTERA', '4', NULL, NULL),
('721', '510250', 'JFT', 'PENYULUH KESEHATAN MASYARAKAT MAHIR', '4', NULL, NULL),
('722', '510251', 'JFT', 'PENYULUH LINGKUNGAN HIDUP', '4', NULL, NULL),
('723', '510252', 'JFT', 'PENYULUH PENINGKATAN KUALITAS HIDUP PEREMPUAN DAN ANAK', '4', NULL, NULL),
('724', '510253', 'JFT', 'PENYULUH PERKEBUNAN', '4', NULL, NULL),
('725', '510254', 'JFT', 'PENYULUH PERTANIAN', '4', NULL, NULL),
('726', '510255', 'JFT', 'PENYULUH PERTANIAN MAHIR ', '4', NULL, NULL),
('727', '510256', 'JFT', 'PENYULUH PERTANIAN PERTAMA BIDANG PRASARANA SARANA DAN PENYULUHAN', '4', NULL, NULL),
('728', '510257', 'JFT', 'PENYULUH USAHA MANDIRI DAN TEKNOLOGI TEPAT GUNA ', '4', NULL, NULL),
('729', '510258', 'JFT', 'PENYULUH WISATA', '4', NULL, NULL),
('730', '510259', 'JFT', 'PENYUSUN  RENCANA KEBUTUHAN RUMAH TANGGA DAN PERLENGKAPAN', '4', NULL, NULL),
('731', '510260', 'JFT', 'PENYUSUN ANALISIS DAMPAK KEPENDUDUKAN', '4', NULL, NULL),
('732', '510261', 'JFT', 'PENYUSUN BAHAN INFORMASI', '4', NULL, NULL),
('733', '510262', 'JFT', 'PENYUSUN BAHAN KELEMBAGAAN ', '4', NULL, NULL),
('734', '510263', 'JFT', 'PENYUSUN BAHAN PEMBINAAN', '4', NULL, NULL),
('735', '510264', 'JFT', 'PENYUSUN BAHAN PEMBINAAN KESERTAAN KELUARGA BERENCANA', '4', NULL, NULL),
('736', '510265', 'JFT', 'PENYUSUN BAHAN PEMBINAAN MINAT DAN BAKAT', '4', NULL, NULL),
('737', '510266', 'JFT', 'PENYUSUN BAHAN PENINGKATAN KESEJAHTERAAN KELUARGA', '4', NULL, NULL),
('738', '510267', 'JFT', 'PENYUSUN BAHAN PENYELENGGARA LITBANG', '4', NULL, NULL),
('739', '510268', 'JFT', 'PENYUSUN BAHAN PENYULUH HUKUM', '4', NULL, NULL),
('740', '510269', 'JFT', 'PENYUSUN BERITA DAN PENDAPAT UMUM', '4', NULL, NULL),
('741', '510270', 'JFT', 'PENYUSUN KEBUTUHAN BARANG INVENTARIS', '4', NULL, NULL),
('742', '510271', 'JFT', 'PENYUSUN LAPORAN KEUANGAN', '4', NULL, NULL),
('743', '510272', 'JFT', 'PENYUSUN PENCATATAN DAN PELAPORAN DATA KEPENDUDUKAN', '4', NULL, NULL),
('744', '510273', 'JFT', 'PENYUSUN PROGRAM ANGGARAN DAN PELAPORAN', '4', NULL, NULL),
('745', '510274', 'JFT', 'PENYUSUN PROGRAM PENGAWASAN KESEJAHTERAAN RAKYAT', '4', NULL, NULL),
('746', '510275', 'JFT', 'PENYUSUN PROGRAM PENGEMBANGAN PAUDNI', '4', NULL, NULL),
('747', '510276', 'JFT', 'PENYUSUN RENCANA BAHAN TEKNIS PERBENIHAN', '4', NULL, NULL),
('748', '510277', 'JFT', 'PENYUSUN RENCANA BAHAN TEKNIS PRASARANA DAN SARANA BUDIDAYA', '4', NULL, NULL),
('749', '510278', 'JFT', 'PENYUSUN RENCANA BIMBINGAN TEKNIS USAHA MIKRO, KECIL DAN MENENGAH', '4', NULL, NULL),
('750', '510279', 'JFT', 'PENYUSUN RENCANA HASIL TELAAH USUL PENGHAPUSAN BARANG', '4', NULL, NULL),
('751', '510280', 'JFT', 'PENYUSUN RENCANA INSPEKSI DAN VERIFIKASI', '4', NULL, NULL),
('752', '510281', 'JFT', 'PENYUSUN RENCANA KEBUTUHAN LOGISTIK', '4', NULL, NULL),
('753', '510282', 'JFT', 'PENYUSUN RENCANA KEBUTUHAN RUMAH TANGGA DAN PERLENGKAPAN', '4', NULL, NULL),
('754', '510283', 'JFT', 'PENYUSUN RENCANA KELEMBAGAAN PASAR HASIL PERIKANAN', '4', NULL, NULL),
('755', '510284', 'JFT', 'PENYUSUN RENCANA KONSERVASI', '4', NULL, NULL),
('756', '510285', 'JFT', 'PENYUSUN RENCANA PENGUATAN KELEMBAGAAN MASYARAKAT', '4', NULL, NULL),
('757', '510286', 'JFT', 'PENYUSUN RENCANA PROMOSI DAN INVESTASI', '4', NULL, NULL),
('758', '510287', 'JFT', 'PENYUSUN RENCANA TATA RUANG DAN ZONASI', '4', NULL, NULL),
('759', '510288', 'JFT', 'PENYUSUN RISALAH', '4', NULL, NULL),
('760', '510289', 'JFT', 'PENYUSUN TEKNIS PELATIHAN FUNGSIONAL BAGI ASN', '4', NULL, NULL),
('761', '510290', 'JFT', 'PERANCANG GRAFIS', '4', NULL, NULL),
('762', '510291', 'JFT', 'PERAWAT GIGI MAHIR', '4', NULL, NULL),
('763', '510292', 'JFT', 'PERAWAT GIGI TERAMPIL (KEPERAWATAN)', '4', NULL, NULL),
('764', '510293', 'JFT', 'PERAWAT MAHIR', '4', NULL, NULL),
('765', '510294', 'JFT', 'PEREKAM MEDIS TERAMPIL', '4', NULL, NULL),
('766', '510295', 'JFT', 'PETUGAS PENINDAKAN', '4', NULL, NULL),
('767', '510296', 'JFT', 'PRANATA LABORATORIUM KESEHATAN MAHIR ', '4', NULL, NULL),
('768', '510297', 'JFT', 'PRANATA LABORATORIUM KESEHATAN PELAKSANA LANJUTAN', '4', NULL, NULL),
('769', '510298', 'JFT', 'PUSTAKAWAN MAHIR', '4', NULL, NULL),
('770', '510299', 'JFT', 'RADIOGRAFER MAHIR', '4', NULL, NULL),
('771', '510300', 'JFT', 'REFRAKSIONIS OPTISIEN MAHIR', '4', NULL, NULL),
('772', '510301', 'JFT', 'SANITARIAN MAHIR', '4', NULL, NULL),
('773', '510302', 'JFT', 'SANITARIAN PELAKSANA LANJUTAN ', '4', NULL, NULL),
('774', '510303', 'JFT', 'TEKNISI ELEKTROMEDIS MAHIR', '4', NULL, NULL),
('775', '510304', 'JFT', 'TEKNISI TRANSFUSI DARAH MAHIR', '4', NULL, NULL),
('776', '510305', 'JFT', 'ANALIS KEPEGAWAIAN TERAMPIL', '4', NULL, NULL),
('777', '510306', 'JFT', 'ASISTEN APOTEKER PELAKSANA', '4', NULL, NULL),
('778', '510307', 'JFT', 'ASISTEN APOTEKER TERAMPIL', '4', NULL, NULL),
('779', '510308', 'JFT', 'AUDITOR PELAKSANA', '4', NULL, NULL),
('780', '510309', 'JFT', 'BIDAN TERAMPIL', '4', NULL, NULL),
('781', '510310', 'JFT', 'FISIOTERAPIS TERAMPIL', '4', NULL, NULL),
('782', '510311', 'JFT', 'INSTRUKTUR TERAMPIL', '4', NULL, NULL),
('783', '510312', 'JFT', 'NUTRISIONIS PELAKSANA', '4', NULL, NULL),
('784', '510313', 'JFT', 'NUTRISIONIS TERAMPIL', '4', NULL, NULL),
('785', '510314', 'JFT', 'OPERATOR KOMPUTER GRAFIS', '4', NULL, NULL),
('786', '510315', 'JFT', 'OPERATOR RADIO', '4', NULL, NULL),
('787', '510316', 'JFT', 'PARAMEDIK VETERINER TERAMPIL', '4', NULL, NULL),
('788', '510317', 'JFT', 'PENATA KEUANGAN', '4', NULL, NULL),
('789', '510318', 'JFT', 'PENGELOLA ADMINISTRASI PEMERINTAHAN', '4', NULL, NULL),
('790', '510319', 'JFT', 'PENGELOLA ADMINISTRASI PERTANAHAN DESA', '4', NULL, NULL),
('791', '510321', 'JFT', 'PENGELOLA ADVOKASI KONSELING DAN PEMBINAAN KELUARGA BERENCANA DAN KESEHATAN REPRODUKSI', '4', NULL, NULL),
('792', '510322', 'JFT', 'PENGELOLA AKTA DAN LEGALISASI', '4', NULL, NULL),
('793', '510323', 'JFT', 'PENGELOLA ANGGARAN', '4', NULL, NULL),
('794', '510324', 'JFT', 'PENGELOLA BAHAN DATABASE KELEMBAGAAN PETANI ', '4', NULL, NULL),
('795', '510325', 'JFT', 'PENGELOLA BAHAN PERENCANAAN', '4', NULL, NULL),
('796', '510326', 'JFT', 'PENGELOLA BANTUAN HUKUM', '4', NULL, NULL),
('797', '510327', 'JFT', 'PENGELOLA BANTUAN PENDIDIKAN', '4', NULL, NULL),
('798', '510328', 'JFT', 'PENGELOLA BANTUAN SOSIAL DAN HIBAH', '4', NULL, NULL),
('799', '510329', 'JFT', 'PENGELOLA BARANG MILIK NEGARA', '4', NULL, NULL),
('800', '510330', 'JFT', 'PENGELOLA BIMBINGAN MASYARAKAT', '4', NULL, NULL),
('801', '510331', 'JFT', 'PENGELOLA BIMBINGAN SOSIAL', '4', NULL, NULL),
('802', '510332', 'JFT', 'PENGELOLA BUDIDAYA PENGEMBANGAN TERNAK DAN HEWAN LAINNYA', '4', NULL, NULL),
('803', '510333', 'JFT', 'PENGELOLA DATA', '4', NULL, NULL),
('804', '510334', 'JFT', 'PENGELOLA DATA ADMINISTRASI BUKTI PERMULAAN DAN PENYIDIKAN', '4', NULL, NULL),
('805', '510335', 'JFT', 'PENGELOLA DATA ADMINISTRASI DAN VERIFIKASI', '4', NULL, NULL),
('806', '510336', 'JFT', 'PENGELOLA DATA BELANJA DAN LAPORAN KEUANGAN', '4', NULL, NULL),
('807', '510337', 'JFT', 'PENGELOLA DATA DAN POTENSI PAJAK', '4', NULL, NULL),
('808', '510338', 'JFT', 'PENGELOLA DATA JAMINAN KESEHATAN', '4', NULL, NULL),
('809', '510339', 'JFT', 'PENGELOLA DATA KEAMANAN DAN KETERTIBAN', '4', NULL, NULL),
('810', '510340', 'JFT', 'PENGELOLA DATA KELEMBAGAAN KURSUS DAN PELATIHAN', '4', NULL, NULL),
('811', '510341', 'JFT', 'PENGELOLA DATA LAPORAN PENILAIAN', '4', NULL, NULL),
('812', '510342', 'JFT', 'PENGELOLA DATA PEMBERDAYAAN MASYARAKAT DAN KELEMBAGAAN', '4', NULL, NULL),
('813', '510343', 'JFT', 'PENGELOLA DATA PENGENDALIAN DAN PENGAWASAN', '5', NULL, NULL),
('814', '510344', 'JFT', 'PENGELOLA DATA PERIJINAN TENAGA KERJA ASING', '5', NULL, NULL),
('815', '510345', 'JFT', 'PENGELOLA DATA REKONSILIASI', '5', NULL, NULL),
('816', '510346', 'JFT', 'PENGELOLA DATA WARISAN BUDAYA', '5', NULL, NULL),
('817', '510347', 'JFT', 'PENGELOLA DATABASE PERIJINAN', '5', NULL, NULL),
('818', '510348', 'JFT', 'PENGELOLA DATABASE PROFESI SDM PERTANIAN', '5', NULL, NULL),
('819', '510349', 'JFT', 'PENGELOLA DISIPLIN PEGAWAI', '5', NULL, NULL),
('820', '510350', 'JFT', 'PENGELOLA DOKUMEN DAN INFORMASI HUKUM', '5', NULL, NULL),
('821', '510351', 'JFT', 'PENGELOLA DOKUMENTASI', '5', NULL, NULL),
('822', '510352', 'JFT', 'PENGELOLA FORMASI DAN PENGADAAN PEGAWAI', '5', NULL, NULL),
('823', '510353', 'JFT', 'PENGELOLA GAJI', '5', NULL, NULL),
('824', '510354', 'JFT', 'PENGELOLA HUBUNGAN KERJASAMA USAHA INDUSTRI', '5', NULL, NULL),
('825', '510355', 'JFT', 'PENGELOLA INFORMASI KEPARIWISATAAN', '5', NULL, NULL),
('826', '510356', 'JFT', 'PENGELOLA INFORMASI KERJASAMA', '5', NULL, NULL),
('827', '510357', 'JFT', 'PENGELOLA INFORMASI LINGKUNGAN', '5', NULL, NULL),
('828', '510358', 'JFT', 'PENGELOLA INFORMASI PRODUK HUKUM', '5', NULL, NULL),
('829', '510359', 'JFT', 'PENGELOLA IRIGASI', '5', NULL, NULL),
('830', '510360', 'JFT', 'PENGELOLA JAMINAN KESEHATAN KELUARGA', '5', NULL, NULL),
('831', '510361', 'JFT', 'PENGELOLA JASA KONSTRUKSI', '5', NULL, NULL),
('832', '510362', 'JFT', 'PENGELOLA KEAMANAN & KETERTIBAN', '5', NULL, NULL),
('833', '510363', 'JFT', 'PENGELOLA KEAMANAN SISTEM INFORMASI', '5', NULL, NULL),
('834', '510364', 'JFT', 'PENGELOLA KEBIDANAN', '5', NULL, NULL),
('835', '510365', 'JFT', 'PENGELOLA KEFARMASIAN', '5', NULL, NULL),
('836', '510366', 'JFT', 'PENGELOLA KEGIATAN', '5', NULL, NULL),
('837', '510367', 'JFT', 'PENGELOLA KEGIATAN HARI BESAR KEAGAMAAN', '5', NULL, NULL),
('838', '510368', 'JFT', 'PENGELOLA KEGIATAN SURVEY DAN PERENCANAAN', '5', NULL, NULL),
('839', '510369', 'JFT', 'PENGELOLA KEKAYAAN DESA DAN ADMINISTRASI DESA ', '5', NULL, NULL),
('840', '510370', 'JFT', 'PENGELOLA KELENGKAPAN JALAN', '5', NULL, NULL),
('841', '510371', 'JFT', 'PENGELOLA KEPERAWATAN', '5', NULL, NULL),
('842', '510372', 'JFT', 'PENGELOLA KERJASAMA PENANAMAN MODAL', '5', NULL, NULL),
('843', '510373', 'JFT', 'PENGELOLA KESEHATAN HEWAN DAN KESEHATAN MASYARAKAT VETERINER', '5', NULL, NULL),
('844', '510374', 'JFT', 'PENGELOLA KESEJAHTERAAN SOSIAL', '5', NULL, NULL),
('845', '510375', 'JFT', 'PENGELOLA KETERSEDIAAN DAN KERAWAANAN PANGAN', '5', NULL, NULL),
('846', '510376', 'JFT', 'PENGELOLA KETRANSMIGRASIAN', '5', NULL, NULL),
('847', '510377', 'JFT', 'PENGELOLA KEUANGAN', '5', NULL, NULL),
('848', '510378', 'JFT', 'PENGELOLA KOLEKSI', '5', NULL, NULL),
('849', '510379', 'JFT', 'PENGELOLA LAYANAN PELABUHAN DAN STEIGHER', '5', NULL, NULL),
('850', '510380', 'JFT', 'PENGELOLA LIMBAH', '5', NULL, NULL),
('851', '510381', 'JFT', 'PENGELOLA LINGKUNGAN', '5', NULL, NULL),
('852', '510382', 'JFT', 'PENGELOLA MEDIA CENTER DAN KEMITRAAN MEDIA', '5', NULL, NULL),
('853', '510383', 'JFT', 'PENGELOLA METROLOGI DAN PERLINDUNGAN KONSUMEN', '5', NULL, NULL),
('854', '510384', 'JFT', 'PENGELOLA MONITORING DAN EVALUASI', '5', NULL, NULL),
('855', '510385', 'JFT', 'PENGELOLA MONITORING DAN EVALUASI, PENYELENGGARAAN PEMERINTAHAN DESA', '5', NULL, NULL),
('856', '510386', 'JFT', 'PENGELOLA MUTASI PENDUDUK', '5', NULL, NULL),
('857', '510387', 'JFT', 'PENGELOLA OBAT DAN ALAT KESEHATAN', '5', NULL, NULL),
('858', '510388', 'JFT', 'PENGELOLA OBJEK WISATA', '5', NULL, NULL),
('859', '510389', 'JFT', 'PENGELOLA PBB P2 DAN BPHTB', '5', NULL, NULL),
('860', '510390', 'JFT', 'PENGELOLA PELANGGARAN PERATURAN DAERAH', '5', NULL, NULL),
('861', '510391', 'JFT', 'PENGELOLA PELAPORAN DAN EVALUASI PELAKSANAAN KEGIATAN APBD', '5', NULL, NULL),
('862', '510392', 'JFT', 'PENGELOLA PELAPORAN DATA PENERIMAAN', '5', NULL, NULL),
('863', '510393', 'JFT', 'PENGELOLA PELESTARIAN SUMBER DAYA ALAM', '5', NULL, NULL),
('864', '510394', 'JFT', 'PENGELOLA PEMANFAATAN BARANG MILIK DAERAH', '5', NULL, NULL),
('865', '510395', 'JFT', 'PENGELOLA PEMASARAN', '5', NULL, NULL),
('866', '510396', 'JFT', 'PENGELOLA PEMBANGUNAN DAN PEMELIHARAAN JEMBATAN', '5', NULL, NULL),
('867', '510397', 'JFT', 'PENGELOLA PEMBANGUNAN DAN PENINGKATAN JALAN', '5', NULL, NULL),
('868', '510398', 'JFT', 'PENGELOLA PEMBERANTASAN PENYAKIT MENULAR LANGSUNG', '5', NULL, NULL),
('869', '510399', 'JFT', 'PENGELOLA PEMBERDAYAAN, PERLINDUNGAN KELUARGA BERENCANAAN DAN SEJAHTERA', '5', NULL, NULL),
('870', '510400', 'JFT', 'PENGELOLA PEMBERDAYAAN,PERLINDUNGAN PEREMPUAN DAN ANAK', '5', NULL, NULL),
('871', '510401', 'JFT', 'PENGELOLA PEMBINAAN DAN PENGEMBANGAN PEREKONOMIAN', '5', NULL, NULL),
('872', '510402', 'JFT', 'PENGELOLA PEMEGANG IZIN PENYEWA TANAH DAN INVENTARISASI ASET DAERAH', '5', NULL, NULL),
('873', '510403', 'JFT', 'PENGELOLA PEMELIHARAAN JALAN', '5', NULL, NULL),
('874', '510404', 'JFT', 'PENGELOLA PEMELIHARAAN JARINGAN IRIGASI', '5', NULL, NULL),
('875', '510405', 'JFT', 'PENGELOLA PENDAFTARAN DAN PENDATAAN PAJAK / RETRIBUSI ', '5', NULL, NULL),
('876', '510406', 'JFT', 'PENGELOLA PENDIDIKAN, KEBUDAYAAN DAN KESEHATAN', '5', NULL, NULL),
('877', '510407', 'JFT', 'PENGELOLA PENGADUAN PUBLIK', '5', NULL, NULL),
('878', '510408', 'JFT', 'PENGELOLA PENGAIRAN', '5', NULL, NULL),
('879', '510409', 'JFT', 'PENGELOLA PENGAMATAN PENYAKIT DAN IMUNISASI', '5', NULL, NULL),
('880', '510410', 'JFT', 'PENGELOLA PENGANEKARAGAMAN PANGAN', '5', NULL, NULL),
('881', '510411', 'JFT', 'PENGELOLA PENGAWASAN LLAJ', '5', NULL, NULL),
('882', '510412', 'JFT', 'PENGELOLA PENGAWASAN PEMBUDIDAYAAN IKAN', '5', NULL, NULL),
('883', '510413', 'JFT', 'PENGELOLA PENGEMBANGAN DAN PEMBINAAN USAHA', '5', NULL, NULL),
('884', '510414', 'JFT', 'PENGELOLA PENGEMBANGAN KARIR', '5', NULL, NULL),
('885', '510415', 'JFT', 'PENGELOLA PENGEMBANGAN OTONOMI DAERAH', '5', NULL, NULL),
('886', '510416', 'JFT', 'PENGELOLA PENGENDALI ORGASME PENGGANGGU TANAMAN', '5', NULL, NULL),
('887', '510417', 'JFT', 'PENGELOLA PENGENDALIAN DAN OPERASIONAL', '5', NULL, NULL),
('888', '510418', 'JFT', 'PENGELOLA PENGGERAK PERAN SERTA MASYARAKAT DI BIDANG KESEHATAN', '5', NULL, NULL),
('889', '510419', 'JFT', 'PENGELOLA PENGUATAN PENGARUSUTAMAAN GENDER', '5', NULL, NULL),
('890', '510420', 'JFT', 'PENGELOLA PENGUATAN/ PEMBERDAYAAN LEMBAGA ', '5', NULL, NULL),
('891', '510421', 'JFT', 'PENGELOLA PENILAIAN KINERJA PEGAWAI', '5', NULL, NULL),
('892', '510422', 'JFT', 'PENGELOLA PENYAKIT TIDAK MENULAR', '5', NULL, NULL),
('893', '510423', 'JFT', 'PENGELOLA PENYEHATAN LINGKUNGAN', '5', NULL, NULL),
('894', '510424', 'JFT', 'PENGELOLA PENYELENGGARA DIKLAT', '5', NULL, NULL),
('895', '510425', 'JFT', 'PENGELOLA PENYUSUNAN PERATURAN PERUNDANG - UNDANGAN', '5', NULL, NULL),
('896', '510426', 'JFT', 'PENGELOLA PERATURAN PERUNDANG UNDANGAN', '5', NULL, NULL),
('897', '510427', 'JFT', 'PENGELOLA PERHUBUNGAN, PEKERJAAN UMUM, BUDAYA DAN PARIWISATA', '5', NULL, NULL),
('898', '510428', 'JFT', 'PENGELOLA PERINDUSTRIAN, PERDAGANGAN DAN BADAN USAHA DAERAH', '5', NULL, NULL),
('899', '510429', 'JFT', 'PENGELOLA PERLINDUNGAN TANAMAN DAN PENGELOAAN HASIL PERKEBUNAN DAN KEHUTANAN', '5', NULL, NULL),
('900', '510430', 'JFT', 'PENGELOLA PERLINDUNGAN TANAMAN PANGAN', '5', NULL, NULL),
('901', '510431', 'JFT', 'PENGELOLA PERMODALAN KOPERASI DAN USAHA KECIL, MIKRO DAN MENENGAH', '5', NULL, NULL),
('902', '510432', 'JFT', 'PENGELOLA PERPARKIRAN', '5', NULL, NULL),
('903', '510433', 'JFT', 'PENGELOLA PERPUSTAKAAN', '5', NULL, NULL),
('904', '510434', 'JFT', 'PENGELOLA PERPUSTAKAAN ELEKTRONIK', '5', NULL, NULL),
('905', '510435', 'JFT', 'PENGELOLA PERSIDANGAN', '5', NULL, NULL),
('906', '510436', 'JFT', 'PENGELOLA PERUMAHAN DAN PERMUKIMAN', '5', NULL, NULL),
('907', '510437', 'JFT', 'PENGELOLA PESERTA DIDIK ', '5', NULL, NULL),
('908', '510438', 'JFT', 'PENGELOLA POLA PANGAN HARAPAN', '5', NULL, NULL),
('909', '510439', 'JFT', 'PENGELOLA POLI KLINIK', '5', NULL, NULL),
('910', '510440', 'JFT', 'PENGELOLA PROGRAM ANGGARAN DAN KEGIATAN', '5', NULL, NULL),
('911', '510441', 'JFT', 'PENGELOLA PROGRAM DAN PELAPORAN', '5', NULL, NULL),
('912', '510442', 'JFT', 'PENGELOLA PROGRAM DUNIA USAHA', '5', NULL, NULL),
('913', '510443', 'JFT', 'PENGELOLA PROGRAM GIZI', '5', NULL, NULL),
('914', '510444', 'JFT', 'PENGELOLA PROGRAM PENYULUHAN ', '5', NULL, NULL),
('915', '510445', 'JFT', 'PENGELOLA PROMOSI DAN INFORMASI WISATA', '5', NULL, NULL),
('916', '510446', 'JFT', 'PENGELOLA REALISASI LAPORAN PENERIMAAN RETRIBUSI  DAERAH', '5', NULL, NULL),
('917', '510447', 'JFT', 'PENGELOLA REHABILITASI SOSIAL', '5', NULL, NULL),
('918', '510448', 'JFT', 'PENGELOLA RENCANA MANAJEMEN MUTU PASCA PANEN', '5', NULL, NULL),
('919', '510449', 'JFT', 'PENGELOLA RENCANA PENDIDIKAN DAN KEBUDAYAAN', '5', NULL, NULL),
('920', '510450', 'JFT', 'PENGELOLA RENCANA SOSIAL DAN KESEHATAN', '5', NULL, NULL),
('921', '510451', 'JFT', 'PENGELOLA RUJUKAN KESEHATAN', '5', NULL, NULL),
('922', '510452', 'JFT', 'PENGELOLA SAMPAH', '5', NULL, NULL),
('923', '510453', 'JFT', 'PENGELOLA SARANA DAN PRASARANA RUMAH TANGGA DINAS', '5', NULL, NULL),
('924', '510454', 'JFT', 'PENGELOLA SARANA DAN PRASARANA TAMAN', '5', NULL, NULL),
('925', '510455', 'JFT', 'PENGELOLA SARANA OLAHRAGA', '5', NULL, NULL),
('926', '510456', 'JFT', 'PENGELOLA SARANA PRASARANA PAUDNI', '5', NULL, NULL),
('927', '510457', 'JFT', 'PENGELOLA SENGKETA KONFLIK PERTANAHAN', '5', NULL, NULL),
('928', '510458', 'JFT', 'PENGELOLA SISTEM ADMINISTRASI KEPENDUDUKAN', '5', NULL, NULL),
('929', '510459', 'JFT', 'PENGELOLA SISTEM INFORMASI MANAJEMEN KEPEGAWAIAN', '5', NULL, NULL),
('930', '510460', 'JFT', 'PENGELOLA SISTEM INFORMASI SARANA DAN PRASARANA JALAN', '5', NULL, NULL),
('931', '510461', 'JFT', 'PENGELOLA SITUS / WEBSITE', '5', NULL, NULL),
('932', '510462', 'JFT', 'PENGELOLA SUMBER PENDAPATAN ASLI DAERAH', '5', NULL, NULL),
('933', '510463', 'JFT', 'PENGELOLA SURAT PERSETUJUAN PEMBAYARAN SEKRETARIAT DAERAH', '5', NULL, NULL),
('934', '510464', 'JFT', 'PENGELOLA TANAMAN PANGAN DAN HOLTIKULTURA', '5', NULL, NULL),
('935', '510465', 'JFT', 'PENGELOLA TATA RUANG DAN TATA GUNA BANGUNAN', '5', NULL, NULL),
('936', '510466', 'JFT', 'PENGELOLA TEKNOLOGI HASIL PERTANIAN', '5', NULL, NULL),
('937', '510467', 'JFT', 'PENGELOLA UPTD PASAR HEWAN DAN RUMAH POTONG HEWAN', '5', NULL, NULL),
('938', '510468', 'JFT', 'PENGELOLA USAHA ANGKUTAN', '5', NULL, NULL),
('939', '510469', 'JFT', 'PENGELOLA USAHA KEPARIWISATAAN', '5', NULL, NULL),
('940', '510470', 'JFT', 'PENGELOLA USAHA PEMASARAN DAN PROMOSI WISATA', '5', NULL, NULL),
('941', '510471', 'JFT', 'PENGOLAH BAHAN UNTUK RENCANA PENANGGULANGAN BENCANA', '5', NULL, NULL),
('942', '510472', 'JFT', 'PENGOLAH BARANG MILIK NEGARA', '5', NULL, NULL),
('943', '510473', 'JFT', 'PENGOLAH DATA', '5', NULL, NULL),
('944', '510474', 'JFT', 'PENGOLAH DATA ADMINISTRASI PEMERIKSAAN', '5', NULL, NULL),
('945', '510475', 'JFT', 'PENGOLAH DATA BIMBINGAN PENGAWASAN', '5', NULL, NULL),
('946', '510476', 'JFT', 'PENGOLAH DATA KELEMBAGAAN', '5', NULL, NULL),
('947', '510477', 'JFT', 'PENGOLAH DATA KEUANGAN DAERAH', '5', NULL, NULL),
('948', '510478', 'JFT', 'PENGOLAH DATA LAPORAN  PENILAIAN', '5', NULL, NULL),
('949', '510479', 'JFT', 'PENGOLAH DATA PELAYANAN', '5', NULL, NULL),
('950', '510480', 'JFT', 'PENGOLAH DATA PENAGIHAN PAJAK', '5', NULL, NULL),
('951', '510481', 'JFT', 'PENGOLAH DATA REALISASI ANGGARAN', '5', NULL, NULL),
('952', '510482', 'JFT', 'PENGOLAH DATA SARANA DAN PRASARANA', '5', NULL, NULL),
('953', '510483', 'JFT', 'PENGOLAH DATA STATISTIK', '5', NULL, NULL),
('954', '510484', 'JFT', 'PENGOLAH PELAYANAN KESEHATAN', '5', NULL, NULL),
('955', '510485', 'JFT', 'PENGOLAH PENGELOLAAN SUMBER DAYA AIR', '5', NULL, NULL),
('956', '510486', 'JFT', 'PENGOLAH SARANA DAN PRASARANA PENGAIRAN', '5', NULL, NULL),
('957', '510487', 'JFT', 'PENGUJI KENDARAAN BERMOTOR TERAMPIL', '5', NULL, NULL),
('958', '510488', 'JFT', 'PENYULUH KESEHATAN MASYARAKAT TERAMPIL', '5', NULL, NULL),
('959', '510489', 'JFT', 'PENYULUH PERTANIAN TERAMPIL', '5', NULL, NULL),
('960', '510490', 'JFT', 'PERAWAT GIGI PEMULA', '5', NULL, NULL),
('961', '510491', 'JFT', 'PERAWAT GIGI TERAMPIL', '5', NULL, NULL),
('962', '510492', 'JFT', 'PERAWAT TERAMPIL', '5', NULL, NULL),
('963', '510493', 'JFT', 'PEREKAM MEDIS PEMULA', '5', NULL, NULL),
('964', '510494', 'JFT', 'PETUGAS PROTOKOL BAGIAN UMUM', '5', NULL, NULL),
('965', '510495', 'JFT', 'PRANATA ACARA', '5', NULL, NULL),
('966', '510496', 'JFT', 'PRANATA ALAT PERSANDIAN', '5', NULL, NULL),
('967', '510497', 'JFT', 'PRANATA BARANG DAN JASA', '5', NULL, NULL),
('968', '510498', 'JFT', 'PRANATA BENCANA', '5', NULL, NULL),
('969', '510499', 'JFT', 'PRANATA KEARSIPAN', '5', NULL, NULL),
('970', '510500', 'JFT', 'PRANATA KOMPUTER TERAMPIL', '5', NULL, NULL),
('971', '510501', 'JFT', 'PRANATA KOPERASI', '5', NULL, NULL),
('972', '510502', 'JFT', 'PRANATA LABOLATORIUM KEARSIPAN', '5', NULL, NULL),
('973', '510503', 'JFT', 'PRANATA LABORATORIUM KESEHATAN PELAKSANA', '5', NULL, NULL),
('974', '510504', 'JFT', 'PRANATA LABORATORIUM KESEHATAN TERAMPIL', '5', NULL, NULL),
('975', '510505', 'JFT', 'PRANATA PEMADAM KEBAKARAN', '5', NULL, NULL),
('976', '510506', 'JFT', 'PRANATA PROMOSI', '5', NULL, NULL),
('977', '510507', 'JFT', 'PUSTAKAWAN TERAMPIL', '5', NULL, NULL),
('978', '510508', 'JFT', 'RADIOGRAFER TERAMPIL', '5', NULL, NULL),
('979', '510509', 'JFT', 'REFRAKSIONIS OPTISIEN TERAMPIL', '5', NULL, NULL),
('980', '510510', 'JFT', 'SANITARIAN PELAKSANA', '5', NULL, NULL),
('981', '510511', 'JFT', 'SANITARIAN TERAMPIL', '5', NULL, NULL),
('982', '510512', 'JFT', 'TEKNISI ALAT ELEKTRO DAN ALAT KOMUNIKASI', '5', NULL, NULL),
('983', '510513', 'JFT', 'TEKNISI ELEKTROMEDIS TERAMPIL', '5', NULL, NULL),
('984', '510514', 'JFT', 'TEKNISI JARINGAN INSTALASI', '5', NULL, NULL),
('985', '510515', 'JFT', 'TEKNISI PRODUKSI MULTIMEDIA DAN WEB', '5', NULL, NULL),
('986', '510516', 'JFT', 'TEKNISI TRANSFUSI DARAH TERAMPIL', '5', NULL, NULL),
('987', '510517', 'JFT', 'VERIFIKATOR KEUANGAN ', '5', NULL, NULL),
('988', '510518', 'JFT', 'AJUDAN', '5', NULL, NULL),
('989', '510519', 'JFT', 'AWAK KAPAL PENGAWAS', '5', NULL, NULL),
('990', '510520', 'JFT', 'JURU INFORMASI DAN KOMUNIKASI', '5', NULL, NULL),
('991', '510521', 'JFT', 'JURU SURVEY PERMUKIMAN PERUMAHAN', '5', NULL, NULL),
('992', '510522', 'JFT', 'KOMANDAN PETUGAS KEAMANAN', '5', NULL, NULL),
('993', '510523', 'JFT', 'NAHKODA', '5', NULL, NULL),
('994', '510524', 'JFT', 'OPERATOR ALAT BERAT', '5', NULL, NULL),
('995', '510525', 'JFT', 'OPERATOR TERMINAL', '5', NULL, NULL),
('996', '510526', 'JFT', 'PARAMEDIK VETERINER PEMULA', '5', NULL, NULL),
('997', '510527', 'JFT', 'PELATIH SAT. LINMAS', '5', NULL, NULL),
('998', '510528', 'JFT', 'PEMELIHARA BANGUNAN', '5', NULL, NULL),
('999', '510529', 'JFT', 'PEMELIHARA SARANA DAN PRASARANA', '5', NULL, NULL),
('1000', '510530', 'JFT', 'PENGADMINISTRASI AKSES IPTEK', '5', NULL, NULL);

INSERT INTO `jabatan` (`id`, `kode_jabatan`, `jenis_jabatan`, `jabatan`, `unit_kerja_id`, `created_at`, `updated_at`) VALUES
('1001', '510531', 'JFT', 'PENGADMINISTRASI AKSES PERMODALAN', '5', NULL, NULL),
('1002', '510532', 'JFT', 'PENGADMINISTRASI AKTA KELAHIRAN DAN KEMATIAN', '5', NULL, NULL),
('1003', '510533', 'JFT', 'PENGADMINISTRASI AKTA PERKAWINAN, PERCERAIAN, PENGAKUAN, PENGANGKATAN DAN PENGESAHAN ANAK', '5', NULL, NULL),
('1004', '510534', 'JFT', 'PENGADMINISTRASI ANGGARAN', '5', NULL, NULL),
('1005', '510535', 'JFT', 'PENGADMINISTRASI DATA PERATURAN PERUNDANG-UNDANGAN DAN HUKUM', '5', NULL, NULL),
('1006', '510536', 'JFT', 'PENGADMINISTRASI GUDANG FARMASI', '5', NULL, NULL),
('1007', '510537', 'JFT', 'PENGADMINISTRASI HUKUM', '5', NULL, NULL),
('1008', '510538', 'JFT', 'PENGADMINISTRASI IZIN USAHA', '5', NULL, NULL),
('1009', '510539', 'JFT', 'PENGADMINISTRASI KEDATANGAN DAN PEMBERANGKATAN KAPAL', '5', NULL, NULL),
('1010', '510540', 'JFT', 'PENGADMINISTRASI KELAHIRAN DAN KEMATIAN', '5', NULL, NULL),
('1011', '510541', 'JFT', 'PENGADMINISTRASI KEPEGAWAIAN ', '5', NULL, NULL),
('1012', '510542', 'JFT', 'PENGADMINISTRASI KEPENDUDUKAN', '5', NULL, NULL),
('1013', '510543', 'JFT', 'PENGADMINISTRASI KESENIAN DAN BUDAYA DAERAH', '5', NULL, NULL),
('1014', '510544', 'JFT', 'PENGADMINISTRASI KESISWAAN', '5', NULL, NULL),
('1015', '510545', 'JFT', 'PENGADMINISTRASI KEUANGAN', '5', NULL, NULL),
('1016', '510546', 'JFT', 'PENGADMINISTRASI KEUANGAN', '5', NULL, NULL),
('1017', '510547', 'JFT', 'PENGADMINISTRASI LLAJ', '5', NULL, NULL),
('1018', '510548', 'JFT', 'PENGADMINISTRASI LPSE', '5', NULL, NULL),
('1019', '510549', 'JFT', 'PENGADMINISTRASI PELATIHAN', '5', NULL, NULL),
('1020', '510550', 'JFT', 'PENGADMINISTRASI PEMERINTAHAN', '5', NULL, NULL),
('1021', '510551', 'JFT', 'PENGADMINISTRASI PEMILIHARAAN GEDUNG KANTOR', '5', NULL, NULL),
('1022', '510552', 'JFT', 'PENGADMINISTRASI PENDIDIK DAN TENAGA KEPENDIDIKAN', '5', NULL, NULL),
('1023', '510553', 'JFT', 'PENGADMINISTRASI PENERIMAAN', '5', NULL, NULL),
('1024', '510554', 'JFT', 'PENGADMINISTRASI PENGANGKATAN DAN PENGAKUAN ANAK', '5', NULL, NULL),
('1025', '510555', 'JFT', 'PENGADMINISTRASI PERENCANAAN DAN PROGRAM', '5', NULL, NULL),
('1026', '510556', 'JFT', 'PENGADMINISTRASI PERIJINAN', '5', NULL, NULL),
('1027', '510557', 'JFT', 'PENGADMINISTRASI PERPUSTAKAAN', '5', NULL, NULL),
('1028', '510558', 'JFT', 'PENGADMINISTRASI PERTANAHAN DESA', '5', NULL, NULL),
('1029', '510559', 'JFT', 'PENGADMINISTRASI PROGRAM DAN KERJASAMA', '5', NULL, NULL),
('1030', '510560', 'JFT', 'PENGADMINISTRASI PROGRAM DAN PELAPORAN', '5', NULL, NULL),
('1031', '510561', 'JFT', 'PENGADMINISTRASI REHABILITASI MASALAH SOSIAL', '5', NULL, NULL),
('1032', '510562', 'JFT', 'PENGADMINISTRASI REHABILITASI SOSIAL PENYANDANG CACAT', '5', NULL, NULL),
('1033', '510563', 'JFT', 'PENGADMINISTRASI REKAM MEDIS DAN INFORMASI', '5', NULL, NULL),
('1034', '510564', 'JFT', 'PENGADMINISTRASI SARANA DAN PRASARANA', '5', NULL, NULL),
('1035', '510565', 'JFT', 'PENGADMINISTRASI TEKNIS MEDIATOR', '5', NULL, NULL),
('1036', '510566', 'JFT', 'PENGADMINISTRASI UMUM', '5', NULL, NULL),
('1037', '510567', 'JFT', 'PENJAGA PINTU AIR', '5', NULL, NULL),
('1038', '510568', 'JFT', 'PENYULUH PERTANIAN PEMULA', '5', NULL, NULL),
('1039', '510569', 'JFT', 'PETUGAS KEAMANAN', '5', NULL, NULL),
('1040', '510570', 'JFT', 'PETUGAS PENGGANDAAN', '5', NULL, NULL),
('1041', '510571', 'JFT', 'PETUGAS PROTOKOL HUMAS', '5', NULL, NULL),
('1042', '510572', 'JFT', 'PRANATA PERLINDUNGAN MASYARAKAT', '5', NULL, NULL),
('1043', '510573', 'JFT', 'PRANATA TAMAN', '5', NULL, NULL),
('1044', '510574', 'JFT', 'TENAGA PELIPUTAN', '5', NULL, NULL),
('1045', '510575', 'JFT', 'PENGEMUDI MOBIL PEMADAM KEBAKARAN', '5', NULL, NULL),
('1046', '510576', 'JFT', 'PRAMU BAKTI', '5', NULL, NULL),
('1047', '510577', 'JFT', 'KEPALA UPTD PERSAMPAHAN', '5', NULL, NULL),
('1048', '510578', 'JFT', 'KEPALA BAGIAN TATA USAHA UNIT PELAKSANA TEKNIS DAERAH PERSAMPAHAN', '5', NULL, NULL),
('1049', '510579', 'JFT', 'PENGELOLA KEPEGAWAIAN', '5', NULL, NULL),
('1050', '510580', 'JFT', 'IRBAN WILAYAH I', '5', NULL, NULL),
('1051', '510581', 'JFT', 'IRBAN WILAYAH II', '5', NULL, NULL),
('1052', '510582', 'JFT', 'IRBAN WILAYAH III', '5', NULL, NULL),
('1053', '701091', 'JFT', 'KEPALA SEKSI KESIAGAAN', '5', NULL, NULL);

INSERT INTO `migrations` (`id`, `migration`, `batch`) VALUES
('69', '2014_10_12_000000_create_users_table', '1'),
('70', '2014_10_12_100000_create_password_resets_table', '1'),
('71', '2014_10_12_200000_add_two_factor_columns_to_users_table', '1'),
('72', '2019_08_19_000000_create_failed_jobs_table', '1'),
('73', '2019_12_14_000001_create_personal_access_tokens_table', '1'),
('74', '2020_05_21_100000_create_teams_table', '1'),
('75', '2020_05_21_200000_create_team_user_table', '1'),
('76', '2020_10_13_121137_create_sessions_table', '1'),
('77', '2020_10_13_123106_create_unit_kerja_table', '1'),
('78', '2020_10_13_123213_create_jabatan_table', '1'),
('80', '2020_10_13_124151_create_tahapan_table', '1'),
('81', '2020_10_13_123505_create_abk_table', '2'),
('82', '2020_10_24_110959_add_uraian_parent_id_to_abk_table', '3'),
('83', '2020_10_27_070222_add_id_jabatan_to__abk_table', '4');

INSERT INTO `sessions` (`id`, `user_id`, `ip_address`, `user_agent`, `payload`, `last_activity`) VALUES
('pmM1ZRYsQXMinHfau6fpujoTd32aTFRebXMiuhMb', '1', '127.0.0.1', 'Mozilla/5.0 (Macintosh; Intel Mac OS X 10_15_5) AppleWebKit/537.36 (KHTML, like Gecko) Chrome/86.0.4240.111 Safari/537.36', 'YTo2OntzOjY6Il90b2tlbiI7czo0MDoiS2QzaThUOXdkUkZLb2VtQ3VPbTdvZjhUZHFXUmJpZVB4R1ltQzVoayI7czo1MDoibG9naW5fd2ViXzU5YmEzNmFkZGMyYjJmOTQwMTU4MGYwMTRjN2Y1OGVhNGUzMDk4OWQiO2k6MTtzOjE3OiJwYXNzd29yZF9oYXNoX3dlYiI7czo2MDoiJDJ5JDEwJFVOYzIvMGJxR1RxUExpMU5hNVNxUWVjQXExVzFnVmx6cWJwZlBJQjNJbVlzUmhvcDgyNTJhIjtzOjk6Il9wcmV2aW91cyI7YToxOntzOjM6InVybCI7czozNToiaHR0cDovL2xvY2FsaG9zdDo4MDAwL2Fiay9jZXRhay8yNDQiO31zOjY6Il9mbGFzaCI7YToyOntzOjM6Im9sZCI7YTowOnt9czozOiJuZXciO2E6MDp7fX1zOjIxOiJwYXNzd29yZF9oYXNoX3NhbmN0dW0iO3M6NjA6IiQyeSQxMCRVTmMyLzBicUdUcVBMaTFOYTVTcVFlY0FxMVcxZ1ZsenFicGZQSUIzSW1Zc1Job3A4MjUyYSI7fQ==', '1604243592');

INSERT INTO `teams` (`id`, `user_id`, `name`, `personal_team`, `created_at`, `updated_at`) VALUES
('1', '1', 'admin\'s Team', '1', '2020-10-20 02:18:10', '2020-10-20 02:18:10');

INSERT INTO `users` (`id`, `name`, `email`, `email_verified_at`, `password`, `two_factor_secret`, `two_factor_recovery_codes`, `unit_kerja_id`, `roles`, `remember_token`, `current_team_id`, `profile_photo_path`, `created_at`, `updated_at`) VALUES
('1', 'admin', 'admin@gmail.com', NULL, '$2y$10$UNc2/0bqGTqPLi1Na5SqQecAq1W1gVlzqbpfPIB3ImYsRhop8252a', NULL, NULL, NULL, NULL, 'brrAqy8UkAiTWREAinJ61YBRNzP9PrV1aoNXfmiqEUQN8GdFQ6Ejz9m3qhLh', '1', NULL, '2020-10-20 02:18:10', '2020-10-20 02:18:10');



/*!40101 SET SQL_MODE=@OLD_SQL_MODE */;
/*!40014 SET FOREIGN_KEY_CHECKS=@OLD_FOREIGN_KEY_CHECKS */;
/*!40014 SET UNIQUE_CHECKS=@OLD_UNIQUE_CHECKS */;
/*!40101 SET CHARACTER_SET_CLIENT=@OLD_CHARACTER_SET_CLIENT */;
/*!40101 SET CHARACTER_SET_RESULTS=@OLD_CHARACTER_SET_RESULTS */;
/*!40101 SET COLLATION_CONNECTION=@OLD_COLLATION_CONNECTION */;
/*!40111 SET SQL_NOTES=@OLD_SQL_NOTES */;